DayOfWeek,DepTime,TaxiOut,DepTime_Min
6,1800.0,19.0,1080.0
6,741.0,28.0,461.0
6,1622.0,48.0,982.0
6,1102.0,28.0,662.0
6,1259.0,22.0,779.0
6,1830.0,20.0,1110.0
6,2105.0,19.0,1265.0
6,1249.0,21.0,769.0
6,1626.0,19.0,986.0
6,1131.0,38.0,691.0
6,1559.0,13.0,959.0
6,1038.0,28.0,638.0
6,2026.0,32.0,1226.0
6,1352.0,11.0,832.0
6,1611.0,29.0,971.0
6,1303.0,17.0,783.0
6,2007.0,22.0,1207.0
6,1828.0,41.0,1108.0
6,1133.0,30.0,693.0
6,1755.0,11.0,1075.0
6,1805.0,27.0,1085.0
6,1404.0,25.0,844.0
6,1058.0,19.0,658.0
6,904.0,18.0,544.0
6,1254.0,35.0,774.0
6,1625.0,40.0,985.0
6,1435.0,23.0,875.0
6,715.0,21.0,435.0
6,856.0,107.0,536.0
6,1953.0,41.0,1193.0
6,901.0,38.0,541.0
6,1417.0,40.0,857.0
6,1239.0,21.0,759.0
6,722.0,53.0,442.0
6,1110.0,59.0,670.0
6,1758.0,19.0,1078.0
6,2037.0,16.0,1237.0
6,858.0,62.0,538.0
6,2001.0,27.0,1201.0
6,1006.0,11.0,606.0
6,1619.0,40.0,979.0
6,1143.0,33.0,703.0
6,1306.0,13.0,786.0
6,1826.0,40.0,1106.0
6,924.0,16.0,564.0
6,1117.0,31.0,677.0
6,1819.0,23.0,1099.0
6,1829.0,25.0,1109.0
6,936.0,53.0,576.0
6,1602.0,22.0,962.0
6,1045.0,16.0,645.0
6,1406.0,13.0,846.0
6,1834.0,33.0,1114.0
6,902.0,68.0,542.0
6,1609.0,17.0,969.0
6,1715.0,15.0,1035.0
6,848.0,38.0,528.0
6,1602.0,27.0,962.0
6,758.0,16.0,478.0
6,1055.0,21.0,655.0
6,1733.0,15.0,1053.0
6,1057.0,15.0,657.0
6,1056.0,19.0,656.0
6,1925.0,14.0,1165.0
6,1619.0,30.0,979.0
6,859.0,44.0,539.0
6,907.0,22.0,547.0
6,1812.0,17.0,1092.0
6,1806.0,25.0,1086.0
6,1750.0,18.0,1070.0
6,943.0,71.0,583.0
6,2020.0,23.0,1220.0
6,1608.0,32.0,968.0
6,1633.0,14.0,993.0
6,1036.0,56.0,636.0
6,1332.0,22.0,812.0
6,1810.0,26.0,1090.0
6,1058.0,22.0,658.0
6,2048.0,18.0,1248.0
6,1054.0,29.0,654.0
6,1334.0,23.0,814.0
6,1956.0,21.0,1196.0
6,655.0,33.0,415.0
6,1309.0,22.0,789.0
6,643.0,17.0,403.0
6,1053.0,14.0,653.0
6,1031.0,102.0,631.0
6,844.0,13.0,524.0
6,1901.0,29.0,1141.0
6,1809.0,31.0,1089.0
6,940.0,18.0,580.0
6,704.0,18.0,424.0
6,1811.0,22.0,1091.0
6,1110.0,23.0,670.0
6,2008.0,35.0,1208.0
6,1359.0,35.0,839.0
6,2030.0,31.0,1230.0
6,1815.0,16.0,1095.0
6,1137.0,28.0,697.0
6,1116.0,31.0,676.0
6,1429.0,25.0,869.0
6,909.0,33.0,549.0
6,2006.0,32.0,1206.0
6,655.0,13.0,415.0
6,1437.0,19.0,877.0
6,1100.0,17.0,660.0
6,724.0,23.0,444.0
6,1806.0,20.0,1086.0
6,854.0,82.0,534.0
6,1821.0,43.0,1101.0
6,1955.0,26.0,1195.0
6,1802.0,15.0,1082.0
6,703.0,17.0,423.0
6,733.0,18.0,453.0
6,958.0,97.0,598.0
6,1809.0,24.0,1089.0
6,1837.0,16.0,1117.0
6,1121.0,34.0,681.0
6,1440.0,35.0,880.0
6,1812.0,32.0,1092.0
6,1259.0,17.0,779.0
6,853.0,45.0,533.0
6,1443.0,22.0,883.0
6,1651.0,23.0,1011.0
6,1620.0,23.0,980.0
6,1112.0,33.0,672.0
6,1412.0,21.0,852.0
6,907.0,60.0,547.0
6,1959.0,31.0,1199.0
6,737.0,30.0,457.0
6,1945.0,19.0,1185.0
6,1612.0,12.0,972.0
6,1126.0,26.0,686.0
6,1412.0,13.0,852.0
6,1258.0,25.0,778.0
6,1230.0,18.0,750.0
6,1821.0,24.0,1101.0
6,850.0,22.0,530.0
6,1432.0,22.0,872.0
6,1257.0,16.0,777.0
6,1407.0,15.0,847.0
6,2011.0,25.0,1211.0
6,1105.0,41.0,665.0
6,1412.0,27.0,852.0
6,956.0,15.0,596.0
6,914.0,21.0,554.0
6,912.0,54.0,552.0
6,1825.0,23.0,1105.0
6,1535.0,24.0,935.0
6,702.0,30.0,422.0
6,1307.0,30.0,787.0
6,2003.0,24.0,1203.0
6,1044.0,72.0,644.0
6,1110.0,21.0,670.0
6,1514.0,16.0,914.0
6,2259.0,21.0,1379.0
6,906.0,15.0,546.0
6,1835.0,20.0,1115.0
6,2013.0,20.0,1213.0
6,1242.0,30.0,762.0
6,1957.0,59.0,1197.0
6,556.0,15.0,356.0
6,1449.0,14.0,889.0
6,1459.0,15.0,899.0
6,1614.0,43.0,974.0
6,730.0,13.0,450.0
6,1119.0,58.0,679.0
6,705.0,18.0,425.0
6,1234.0,16.0,754.0
6,1057.0,21.0,657.0
6,530.0,20.0,330.0
6,1828.0,26.0,1108.0
6,2054.0,15.0,1254.0
6,1619.0,19.0,979.0
6,1242.0,21.0,762.0
6,911.0,56.0,551.0
6,1251.0,23.0,771.0
6,902.0,17.0,542.0
6,1255.0,22.0,775.0
6,1122.0,29.0,682.0
6,2008.0,24.0,1208.0
6,1029.0,14.0,629.0
6,2011.0,30.0,1211.0
6,1039.0,26.0,639.0
6,1459.0,12.0,899.0
6,1536.0,35.0,936.0
6,1441.0,31.0,881.0
6,1116.0,41.0,676.0
6,704.0,21.0,424.0
6,958.0,28.0,598.0
6,1946.0,22.0,1186.0
6,1818.0,22.0,1098.0
6,1307.0,23.0,787.0
6,1806.0,32.0,1086.0
6,859.0,28.0,539.0
6,958.0,16.0,598.0
6,1154.0,26.0,714.0
6,2118.0,23.0,1278.0
6,924.0,21.0,564.0
6,1115.0,34.0,675.0
5,2259.0,27.0,1379.0
5,722.0,25.0,442.0
5,1715.0,45.0,1035.0
5,1105.0,52.0,665.0
5,1325.0,44.0,805.0
5,2015.0,18.0,1215.0
5,1251.0,114.0,771.0
5,2145.0,22.0,1305.0
5,1057.0,112.0,657.0
5,2150.0,62.0,1310.0
5,1106.0,47.0,666.0
5,2017.0,25.0,1217.0
5,2110.0,41.0,1270.0
5,1413.0,86.0,853.0
5,2215.0,32.0,1335.0
5,1657.0,53.0,1017.0
5,2312.0,38.0,1392.0
5,2046.0,25.0,1246.0
5,1929.0,70.0,1169.0
5,1052.0,39.0,652.0
5,2158.0,26.0,1318.0
5,2313.0,22.0,1393.0
5,2252.0,26.0,1372.0
5,1447.0,119.0,887.0
5,2354.0,25.0,1434.0
5,1426.0,45.0,866.0
5,1051.0,34.0,651.0
5,1750.0,23.0,1070.0
5,908.0,51.0,548.0
5,1254.0,120.0,774.0
5,819.0,21.0,499.0
5,1646.0,42.0,1006.0
5,2128.0,17.0,1288.0
5,1612.0,61.0,972.0
5,713.0,23.0,433.0
5,858.0,71.0,538.0
5,902.0,36.0,542.0
5,2201.0,46.0,1321.0
5,1700.0,27.0,1020.0
5,1907.0,27.0,1147.0
5,739.0,19.0,459.0
5,1314.0,129.0,794.0
5,1112.0,63.0,672.0
5,2049.0,32.0,1249.0
5,2100.0,26.0,1260.0
5,707.0,17.0,427.0
5,900.0,41.0,540.0
5,919.0,38.0,559.0
5,2301.0,46.0,1381.0
5,1103.0,59.0,663.0
5,1451.0,129.0,891.0
5,1948.0,36.0,1188.0
5,913.0,82.0,553.0
5,1134.0,65.0,694.0
5,2151.0,31.0,1311.0
5,922.0,74.0,562.0
5,1953.0,15.0,1193.0
5,2101.0,30.0,1261.0
5,2136.0,30.0,1296.0
5,1137.0,55.0,697.0
5,1620.0,58.0,980.0
5,38.0,22.0,38.0
5,858.0,64.0,538.0
5,1430.0,110.0,870.0
5,1107.0,88.0,667.0
5,1637.0,43.0,997.0
5,706.0,21.0,426.0
5,847.0,19.0,527.0
5,1916.0,27.0,1156.0
5,758.0,22.0,478.0
5,1102.0,96.0,662.0
5,725.0,51.0,445.0
5,2325.0,40.0,1405.0
5,1838.0,33.0,1118.0
5,953.0,55.0,593.0
5,1120.0,54.0,680.0
5,1856.0,20.0,1136.0
5,853.0,78.0,533.0
5,938.0,31.0,578.0
5,2314.0,39.0,1394.0
5,1911.0,28.0,1151.0
5,900.0,61.0,540.0
5,2151.0,20.0,1311.0
5,1116.0,58.0,676.0
5,2249.0,19.0,1369.0
5,2151.0,26.0,1311.0
5,1232.0,22.0,752.0
5,2126.0,16.0,1286.0
5,30.0,17.0,30.0
5,1037.0,38.0,637.0
5,1259.0,32.0,779.0
5,2033.0,23.0,1233.0
5,1057.0,51.0,657.0
5,2256.0,24.0,1376.0
5,1054.0,56.0,654.0
5,1636.0,41.0,996.0
5,41.0,20.0,41.0
5,655.0,39.0,415.0
5,1348.0,45.0,828.0
5,640.0,16.0,400.0
5,1104.0,31.0,664.0
5,1125.0,79.0,685.0
5,840.0,16.0,520.0
5,2124.0,25.0,1284.0
5,2345.0,23.0,1425.0
5,1029.0,34.0,629.0
5,707.0,19.0,427.0
5,1554.0,108.0,954.0
5,2251.0,21.0,1371.0
5,1103.0,60.0,663.0
5,2226.0,29.0,1346.0
5,1410.0,82.0,850.0
5,1122.0,72.0,682.0
5,2306.0,34.0,1386.0
5,2220.0,31.0,1340.0
5,1837.0,37.0,1117.0
5,555.0,18.0,355.0
5,1552.0,83.0,952.0
5,2149.0,18.0,1309.0
5,1114.0,28.0,674.0
5,1500.0,159.0,900.0
5,853.0,23.0,533.0
5,2313.0,34.0,1393.0
5,1522.0,28.0,922.0
5,552.0,19.0,352.0
5,2313.0,41.0,1393.0
5,1731.0,37.0,1051.0
5,1300.0,42.0,780.0
5,704.0,18.0,424.0
5,137.0,18.0,97.0
5,33.0,22.0,33.0
5,855.0,38.0,535.0
5,2257.0,19.0,1377.0
5,2135.0,22.0,1295.0
5,1422.0,89.0,862.0
5,1948.0,19.0,1188.0
5,1048.0,63.0,648.0
5,1839.0,33.0,1119.0
5,659.0,18.0,419.0
5,730.0,20.0,450.0
5,914.0,60.0,554.0
5,1817.0,46.0,1097.0
5,1934.0,22.0,1174.0
5,752.0,34.0,472.0
5,1109.0,115.0,669.0
5,1716.0,32.0,1036.0
5,1824.0,63.0,1104.0
5,1650.0,37.0,1010.0
5,855.0,40.0,535.0
5,1605.0,44.0,965.0
5,2238.0,29.0,1358.0
5,2016.0,19.0,1216.0
5,1205.0,152.0,725.0
5,1526.0,61.0,926.0
5,913.0,53.0,553.0
5,2347.0,16.0,1427.0
5,708.0,19.0,428.0
5,1557.0,165.0,957.0
5,729.0,37.0,449.0
5,25.0,23.0,25.0
5,48.0,20.0,48.0
5,1757.0,27.0,1077.0
5,1057.0,57.0,657.0
5,1656.0,52.0,1016.0
5,1430.0,36.0,870.0
5,1116.0,53.0,676.0
5,1938.0,31.0,1178.0
5,855.0,42.0,535.0
5,1454.0,119.0,894.0
5,1252.0,44.0,772.0
5,1701.0,34.0,1021.0
5,600.0,42.0,360.0
5,2212.0,20.0,1332.0
5,923.0,31.0,563.0
5,1654.0,31.0,1014.0
5,844.0,27.0,524.0
5,922.0,62.0,562.0
5,912.0,66.0,552.0
5,1940.0,20.0,1180.0
5,1943.0,23.0,1183.0
5,657.0,19.0,417.0
5,1310.0,68.0,790.0
5,2338.0,29.0,1418.0
5,1329.0,80.0,809.0
5,849.0,33.0,529.0
5,1050.0,28.0,650.0
5,1529.0,31.0,929.0
5,2246.0,25.0,1366.0
5,2206.0,33.0,1326.0
5,912.0,84.0,552.0
5,2048.0,25.0,1248.0
5,2352.0,21.0,1432.0
5,1344.0,41.0,824.0
5,2223.0,22.0,1343.0
5,554.0,18.0,354.0
5,1502.0,149.0,902.0
5,1558.0,40.0,958.0
5,1929.0,26.0,1169.0
5,731.0,47.0,451.0
5,1050.0,39.0,650.0
5,707.0,18.0,427.0
5,1330.0,99.0,810.0
5,1059.0,127.0,659.0
5,534.0,21.0,334.0
5,1851.0,36.0,1131.0
5,2259.0,20.0,1379.0
5,2010.0,19.0,1210.0
5,904.0,64.0,544.0
5,1626.0,116.0,986.0
5,847.0,33.0,527.0
5,1303.0,45.0,783.0
5,1043.0,55.0,643.0
5,2221.0,36.0,1341.0
5,1300.0,38.0,780.0
5,1833.0,35.0,1113.0
5,2356.0,39.0,1436.0
5,1041.0,41.0,641.0
5,2128.0,20.0,1288.0
5,1622.0,52.0,982.0
5,1123.0,50.0,683.0
5,953.0,56.0,593.0
5,2137.0,29.0,1297.0
5,2012.0,32.0,1212.0
5,858.0,32.0,538.0
5,2022.0,23.0,1222.0
5,1836.0,32.0,1116.0
5,2238.0,18.0,1358.0
5,1028.0,93.0,628.0
5,942.0,43.0,582.0
5,1051.0,108.0,651.0
5,2138.0,45.0,1298.0
5,1028.0,36.0,628.0
4,1829.0,29.0,1109.0
4,1200.0,16.0,720.0
4,1608.0,27.0,968.0
4,1039.0,26.0,639.0
4,1259.0,33.0,779.0
4,1814.0,29.0,1094.0
4,2106.0,20.0,1266.0
4,1243.0,16.0,763.0
4,1612.0,23.0,972.0
4,1053.0,26.0,653.0
4,1557.0,22.0,957.0
4,1035.0,28.0,635.0
4,1422.0,31.0,862.0
4,2018.0,20.0,1218.0
4,1353.0,22.0,833.0
4,1606.0,27.0,966.0
4,1247.0,22.0,767.0
4,2043.0,30.0,1243.0
4,1957.0,40.0,1197.0
4,1813.0,28.0,1093.0
4,1049.0,25.0,649.0
4,1757.0,18.0,1077.0
4,1954.0,25.0,1194.0
4,1801.0,33.0,1081.0
4,1409.0,31.0,849.0
4,1958.0,30.0,1198.0
4,1312.0,29.0,792.0
4,1055.0,49.0,655.0
4,1058.0,20.0,658.0
4,857.0,25.0,537.0
4,1250.0,25.0,770.0
4,709.0,23.0,429.0
4,1435.0,23.0,875.0
4,1611.0,20.0,971.0
4,1433.0,26.0,873.0
4,709.0,23.0,429.0
4,859.0,29.0,539.0
4,2143.0,30.0,1303.0
4,900.0,44.0,540.0
4,1417.0,15.0,857.0
4,1310.0,18.0,790.0
4,847.0,23.0,527.0
4,717.0,18.0,437.0
4,1203.0,18.0,723.0
4,1205.0,50.0,725.0
4,1805.0,17.0,1085.0
4,1959.0,24.0,1199.0
4,710.0,21.0,430.0
4,908.0,21.0,548.0
4,1958.0,28.0,1198.0
4,1012.0,18.0,612.0
4,1602.0,47.0,962.0
4,1059.0,21.0,659.0
4,1257.0,17.0,777.0
4,1837.0,32.0,1117.0
4,920.0,34.0,560.0
4,1119.0,23.0,679.0
4,1755.0,22.0,1075.0
4,1839.0,38.0,1119.0
4,928.0,32.0,568.0
4,1611.0,22.0,971.0
4,1718.0,17.0,1038.0
4,1604.0,21.0,964.0
4,1039.0,17.0,639.0
4,1425.0,30.0,865.0
4,1802.0,23.0,1082.0
4,908.0,47.0,548.0
4,1418.0,33.0,858.0
4,1103.0,28.0,663.0
4,1533.0,20.0,933.0
4,857.0,14.0,537.0
4,1557.0,20.0,957.0
4,750.0,19.0,470.0
4,1048.0,24.0,648.0
4,723.0,16.0,443.0
4,1949.0,32.0,1189.0
4,1645.0,18.0,1005.0
4,929.0,37.0,569.0
4,1054.0,29.0,654.0
4,1833.0,26.0,1113.0
4,1612.0,20.0,972.0
4,855.0,35.0,535.0
4,908.0,31.0,548.0
4,1813.0,30.0,1093.0
4,1755.0,28.0,1075.0
4,853.0,14.0,533.0
4,1834.0,56.0,1114.0
4,1648.0,19.0,1008.0
4,1747.0,21.0,1067.0
4,1550.0,22.0,950.0
4,927.0,42.0,567.0
4,2015.0,28.0,1215.0
4,1716.0,26.0,1036.0
4,1158.0,27.0,718.0
4,1632.0,22.0,992.0
4,1956.0,28.0,1196.0
4,1035.0,17.0,635.0
4,1247.0,23.0,767.0
4,1807.0,23.0,1087.0
4,1038.0,20.0,638.0
4,2000.0,32.0,1200.0
4,1050.0,50.0,650.0
4,1314.0,29.0,794.0
4,1947.0,18.0,1187.0
4,651.0,33.0,411.0
4,1309.0,23.0,789.0
4,644.0,23.0,404.0
4,1045.0,32.0,645.0
4,847.0,20.0,527.0
4,842.0,24.0,522.0
4,1837.0,54.0,1117.0
4,1851.0,31.0,1131.0
4,926.0,29.0,566.0
4,709.0,19.0,429.0
4,1035.0,17.0,635.0
4,1909.0,22.0,1149.0
4,1044.0,31.0,644.0
4,2055.0,25.0,1255.0
4,1412.0,16.0,852.0
4,1110.0,22.0,670.0
4,1612.0,33.0,972.0
4,2010.0,41.0,1210.0
4,1842.0,39.0,1122.0
4,605.0,18.0,365.0
4,1359.0,19.0,839.0
4,1953.0,19.0,1193.0
4,1056.0,25.0,656.0
4,1451.0,23.0,891.0
4,854.0,29.0,534.0
4,1957.0,38.0,1197.0
4,1313.0,22.0,793.0
4,1804.0,31.0,1084.0
4,602.0,21.0,362.0
4,1428.0,24.0,868.0
4,1818.0,24.0,1098.0
4,1437.0,28.0,877.0
4,1232.0,10.0,752.0
4,708.0,20.0,428.0
4,1823.0,32.0,1103.0
4,2004.0,23.0,1204.0
4,900.0,38.0,540.0
4,1821.0,44.0,1101.0
4,2110.0,22.0,1270.0
4,1407.0,20.0,847.0
4,1945.0,39.0,1185.0
4,1812.0,23.0,1092.0
4,1050.0,19.0,650.0
4,1746.0,23.0,1066.0
4,720.0,28.0,440.0
4,730.0,21.0,450.0
4,914.0,32.0,554.0
4,1803.0,25.0,1083.0
4,1821.0,27.0,1101.0
4,753.0,20.0,473.0
4,1237.0,18.0,757.0
4,1406.0,28.0,846.0
4,1939.0,25.0,1179.0
4,1320.0,27.0,800.0
4,920.0,29.0,560.0
4,1427.0,29.0,867.0
4,1905.0,19.0,1145.0
4,1955.0,46.0,1195.0
4,1607.0,19.0,967.0
4,1055.0,47.0,655.0
4,1359.0,43.0,839.0
4,901.0,25.0,541.0
4,2012.0,30.0,1212.0
4,709.0,20.0,429.0
4,1334.0,26.0,814.0
4,734.0,17.0,454.0
4,1621.0,15.0,981.0
4,1055.0,48.0,655.0
4,1908.0,21.0,1148.0
4,1406.0,18.0,846.0
4,1311.0,25.0,791.0
4,1051.0,32.0,651.0
4,1813.0,53.0,1093.0
4,847.0,31.0,527.0
4,1307.0,24.0,787.0
4,1240.0,23.0,760.0
4,1406.0,22.0,846.0
4,554.0,25.0,354.0
4,2009.0,37.0,1209.0
4,909.0,30.0,549.0
4,1547.0,20.0,947.0
4,847.0,26.0,527.0
4,855.0,24.0,535.0
4,908.0,43.0,548.0
4,1814.0,22.0,1094.0
4,1532.0,22.0,932.0
4,709.0,21.0,429.0
4,1302.0,21.0,782.0
4,2005.0,41.0,1205.0
4,1230.0,49.0,750.0
4,1658.0,24.0,1018.0
4,837.0,16.0,517.0
4,1045.0,24.0,645.0
4,1416.0,22.0,856.0
4,2135.0,15.0,1295.0
4,2101.0,21.0,1261.0
4,950.0,29.0,590.0
4,1809.0,33.0,1089.0
4,2015.0,24.0,1215.0
4,1240.0,24.0,760.0
4,1957.0,31.0,1197.0
4,1432.0,32.0,872.0
4,1553.0,24.0,953.0
4,1607.0,23.0,967.0
4,731.0,22.0,451.0
4,1033.0,22.0,633.0
4,658.0,22.0,418.0
4,1408.0,18.0,848.0
4,1055.0,27.0,655.0
4,538.0,21.0,338.0
4,1816.0,24.0,1096.0
4,2004.0,31.0,1204.0
4,1622.0,24.0,982.0
4,1241.0,17.0,761.0
4,913.0,22.0,553.0
4,1316.0,26.0,796.0
4,847.0,63.0,527.0
4,1253.0,24.0,773.0
4,1047.0,18.0,647.0
4,2001.0,33.0,1201.0
4,1059.0,25.0,659.0
4,1535.0,23.0,935.0
4,1957.0,18.0,1197.0
4,1040.0,29.0,640.0
4,1442.0,24.0,882.0
4,1420.0,21.0,860.0
4,1105.0,27.0,665.0
4,917.0,44.0,557.0
4,1935.0,40.0,1175.0
4,1941.0,85.0,1181.0
4,852.0,36.0,532.0
4,1827.0,38.0,1107.0
4,1302.0,25.0,782.0
4,1827.0,39.0,1107.0
4,717.0,16.0,437.0
4,907.0,39.0,547.0
4,1845.0,49.0,1125.0
4,1040.0,20.0,640.0
4,2038.0,27.0,1238.0
4,917.0,34.0,557.0
3,1752.0,63.0,1072.0
3,723.0,15.0,443.0
3,1858.0,27.0,1138.0
3,1100.0,25.0,660.0
3,1257.0,28.0,777.0
3,1817.0,41.0,1097.0
3,1243.0,24.0,763.0
3,1617.0,19.0,977.0
3,1059.0,24.0,659.0
3,1628.0,24.0,988.0
3,1035.0,15.0,635.0
3,1427.0,15.0,867.0
3,2016.0,23.0,1216.0
3,1402.0,20.0,842.0
3,1608.0,21.0,968.0
3,1255.0,32.0,775.0
3,2010.0,27.0,1210.0
3,1808.0,33.0,1088.0
3,1040.0,18.0,640.0
3,1851.0,23.0,1131.0
3,1758.0,21.0,1078.0
3,1729.0,20.0,1049.0
3,1951.0,27.0,1191.0
3,853.0,19.0,533.0
3,1122.0,14.0,682.0
3,903.0,24.0,543.0
3,1252.0,26.0,772.0
3,1431.0,18.0,871.0
3,1637.0,21.0,997.0
3,1428.0,33.0,868.0
3,856.0,18.0,536.0
3,900.0,26.0,540.0
3,1424.0,34.0,864.0
3,1534.0,40.0,934.0
3,1244.0,24.0,764.0
3,908.0,43.0,548.0
3,712.0,21.0,432.0
3,1159.0,24.0,719.0
3,1103.0,88.0,663.0
3,1949.0,29.0,1189.0
3,1956.0,25.0,1196.0
3,710.0,21.0,430.0
3,927.0,19.0,567.0
3,1958.0,36.0,1198.0
3,1013.0,20.0,613.0
3,1556.0,24.0,956.0
3,1102.0,26.0,662.0
3,1251.0,23.0,771.0
3,1820.0,31.0,1100.0
3,907.0,22.0,547.0
3,1115.0,23.0,675.0
3,1804.0,33.0,1084.0
3,2008.0,35.0,1208.0
3,933.0,19.0,573.0
3,1621.0,34.0,981.0
3,1721.0,19.0,1041.0
3,1046.0,17.0,646.0
3,1421.0,86.0,861.0
3,1803.0,24.0,1083.0
3,1019.0,13.0,619.0
3,1416.0,19.0,856.0
3,1115.0,20.0,675.0
3,1545.0,18.0,945.0
3,848.0,19.0,528.0
3,1553.0,18.0,953.0
3,755.0,29.0,475.0
3,1044.0,21.0,644.0
3,725.0,21.0,445.0
3,1646.0,20.0,1006.0
3,950.0,19.0,590.0
7,851.0,23.0,531.0
7,842.0,18.0,522.0
7,1830.0,80.0,1110.0
7,1814.0,88.0,1094.0
7,918.0,27.0,558.0
7,706.0,25.0,426.0
7,1045.0,18.0,645.0
7,1851.0,33.0,1131.0
7,1050.0,19.0,650.0
7,1351.0,15.0,831.0
7,1111.0,95.0,671.0
7,1639.0,35.0,999.0
7,2051.0,37.0,1251.0
7,1907.0,66.0,1147.0
7,558.0,22.0,358.0
7,1443.0,24.0,883.0
7,2006.0,36.0,1206.0
7,1105.0,21.0,665.0
7,1451.0,38.0,891.0
7,851.0,35.0,531.0
7,2039.0,31.0,1239.0
7,1322.0,22.0,802.0
7,558.0,24.0,358.0
7,1426.0,21.0,866.0
7,1922.0,31.0,1162.0
7,1449.0,23.0,889.0
7,1045.0,19.0,645.0
7,707.0,16.0,427.0
7,1831.0,59.0,1111.0
7,857.0,32.0,537.0
7,1847.0,41.0,1127.0
7,1402.0,28.0,842.0
7,1820.0,38.0,1100.0
7,1039.0,23.0,639.0
7,657.0,26.0,417.0
7,727.0,18.0,447.0
7,912.0,21.0,552.0
7,1806.0,76.0,1086.0
7,2028.0,29.0,1228.0
7,757.0,22.0,477.0
7,1101.0,27.0,661.0
7,1404.0,20.0,844.0
7,1815.0,32.0,1095.0
7,1400.0,22.0,840.0
7,857.0,27.0,537.0
7,1429.0,19.0,869.0
7,1612.0,25.0,972.0
7,2102.0,28.0,1262.0
7,1632.0,37.0,992.0
7,1057.0,25.0,657.0
7,1356.0,22.0,836.0
7,904.0,21.0,544.0
7,2022.0,33.0,1222.0
7,704.0,27.0,424.0
7,1341.0,20.0,821.0
7,733.0,24.0,453.0
7,1058.0,22.0,658.0
7,1831.0,25.0,1111.0
7,1415.0,19.0,855.0
7,1258.0,34.0,778.0
7,1053.0,18.0,653.0
7,1927.0,32.0,1167.0
7,849.0,23.0,529.0
7,1243.0,22.0,763.0
7,1401.0,26.0,841.0
7,551.0,17.0,351.0
7,2058.0,21.0,1258.0
7,1641.0,32.0,1001.0
7,914.0,22.0,554.0
7,1544.0,56.0,944.0
7,844.0,23.0,524.0
7,901.0,27.0,541.0
7,953.0,57.0,593.0
7,1819.0,109.0,1099.0
7,1551.0,17.0,951.0
7,657.0,24.0,417.0
7,1310.0,23.0,790.0
7,2013.0,23.0,1213.0
7,1233.0,16.0,753.0
7,1701.0,24.0,1021.0
7,1303.0,24.0,783.0
7,854.0,20.0,534.0
7,1037.0,20.0,637.0
7,1449.0,18.0,889.0
7,2134.0,23.0,1294.0
7,900.0,27.0,540.0
7,1814.0,35.0,1094.0
7,2044.0,24.0,1244.0
7,1242.0,14.0,762.0
7,2028.0,35.0,1228.0
7,1434.0,13.0,874.0
7,1400.0,15.0,840.0
7,1720.0,20.0,1040.0
7,729.0,14.0,449.0
7,1032.0,17.0,632.0
7,709.0,19.0,429.0
7,1244.0,18.0,764.0
7,1221.0,30.0,741.0
7,538.0,20.0,338.0
7,1857.0,24.0,1137.0
7,2054.0,23.0,1254.0
7,1626.0,28.0,986.0
7,1232.0,18.0,752.0
7,906.0,16.0,546.0
7,1252.0,17.0,772.0
7,849.0,43.0,529.0
7,1319.0,27.0,799.0
7,1104.0,21.0,664.0
7,2217.0,44.0,1337.0
7,1102.0,28.0,662.0
7,2006.0,42.0,1206.0
7,1100.0,27.0,660.0
7,1445.0,21.0,885.0
7,1457.0,19.0,897.0
7,1106.0,32.0,666.0
7,921.0,26.0,561.0
7,2025.0,35.0,1225.0
7,2007.0,31.0,1207.0
7,852.0,20.0,532.0
7,1901.0,29.0,1141.0
7,1256.0,21.0,776.0
7,1945.0,22.0,1185.0
7,909.0,29.0,549.0
7,952.0,26.0,592.0
7,1039.0,19.0,639.0
7,2105.0,55.0,1265.0
7,920.0,34.0,560.0
6,1822.0,29.0,1102.0
6,730.0,37.0,450.0
6,1616.0,35.0,976.0
6,1102.0,27.0,662.0
6,1301.0,26.0,781.0
6,1912.0,30.0,1152.0
6,2151.0,16.0,1311.0
6,1313.0,24.0,793.0
6,1618.0,21.0,978.0
6,1059.0,22.0,659.0
6,1609.0,25.0,969.0
6,1121.0,22.0,681.0
6,1443.0,31.0,883.0
6,2153.0,19.0,1313.0
6,1358.0,16.0,838.0
6,1610.0,60.0,970.0
6,1308.0,22.0,788.0
6,2010.0,25.0,1210.0
6,2040.0,25.0,1240.0
6,1121.0,24.0,681.0
6,1820.0,18.0,1100.0
6,1817.0,39.0,1097.0
6,1407.0,20.0,847.0
6,1053.0,26.0,653.0
6,840.0,21.0,520.0
6,1249.0,20.0,769.0
6,1624.0,23.0,984.0
6,1424.0,16.0,864.0
6,712.0,24.0,432.0
6,859.0,68.0,539.0
6,2020.0,29.0,1220.0
6,930.0,32.0,570.0
6,1438.0,23.0,878.0
6,1251.0,22.0,771.0
6,716.0,18.0,436.0
6,1115.0,15.0,675.0
6,1803.0,29.0,1083.0
6,2019.0,23.0,1219.0
6,1026.0,18.0,626.0
6,2021.0,31.0,1221.0
6,923.0,21.0,563.0
6,1611.0,32.0,971.0
6,1104.0,25.0,664.0
6,1308.0,31.0,788.0
6,1827.0,35.0,1107.0
6,916.0,34.0,556.0
6,1131.0,25.0,691.0
6,1800.0,27.0,1080.0
6,1826.0,50.0,1106.0
6,926.0,21.0,566.0
6,1557.0,16.0,957.0
6,1042.0,18.0,642.0
6,1405.0,25.0,845.0
6,1830.0,28.0,1110.0
6,900.0,20.0,540.0
6,1419.0,20.0,859.0
6,1118.0,19.0,678.0
6,1617.0,21.0,977.0
6,849.0,25.0,529.0
6,1549.0,16.0,949.0
6,809.0,22.0,489.0
6,1045.0,40.0,645.0
6,1715.0,24.0,1035.0
6,923.0,46.0,563.0
6,1053.0,27.0,653.0
6,1911.0,32.0,1151.0
6,1626.0,19.0,986.0
6,851.0,30.0,531.0
6,909.0,23.0,549.0
6,1832.0,34.0,1112.0
6,1809.0,21.0,1089.0
6,1812.0,22.0,1092.0
6,927.0,33.0,567.0
6,2047.0,39.0,1247.0
6,1601.0,24.0,961.0
6,1604.0,31.0,964.0
6,1035.0,17.0,635.0
6,1244.0,15.0,764.0
6,1826.0,41.0,1106.0
6,1217.0,23.0,737.0
6,2128.0,24.0,1288.0
6,1057.0,31.0,657.0
6,1307.0,15.0,787.0
6,2028.0,21.0,1228.0
6,714.0,24.0,434.0
6,1306.0,39.0,786.0
6,647.0,19.0,407.0
6,1216.0,21.0,736.0
6,852.0,15.0,532.0
6,842.0,16.0,522.0
6,1849.0,36.0,1129.0
6,1843.0,43.0,1123.0
6,956.0,18.0,596.0
6,910.0,28.0,550.0
6,1839.0,25.0,1119.0
6,1053.0,25.0,653.0
6,2019.0,21.0,1219.0
6,1407.0,25.0,847.0
6,1125.0,23.0,685.0
6,2041.0,22.0,1241.0
6,1903.0,28.0,1143.0
6,602.0,18.0,362.0
6,1119.0,23.0,679.0
6,1426.0,19.0,866.0
6,851.0,36.0,531.0
6,2126.0,21.0,1286.0
6,657.0,18.0,417.0
6,1836.0,25.0,1116.0
6,1454.0,21.0,894.0
6,1055.0,20.0,655.0
6,809.0,18.0,489.0
6,1824.0,37.0,1104.0
6,850.0,17.0,530.0
6,1846.0,42.0,1126.0
6,1422.0,21.0,862.0
6,2040.0,25.0,1240.0
6,1823.0,22.0,1103.0
6,1044.0,15.0,644.0
6,711.0,26.0,431.0
6,728.0,21.0,448.0
6,915.0,23.0,555.0
6,1820.0,29.0,1100.0
6,2014.0,29.0,1214.0
6,1106.0,20.0,666.0
6,1440.0,67.0,880.0
6,2033.0,33.0,1233.0
6,1329.0,22.0,809.0
6,851.0,33.0,531.0
6,1427.0,23.0,867.0
6,1613.0,24.0,973.0
6,1606.0,21.0,966.0
6,1102.0,38.0,662.0
6,1359.0,17.0,839.0
6,909.0,49.0,549.0
6,2059.0,20.0,1259.0
6,738.0,19.0,458.0
6,1949.0,27.0,1189.0
6,1747.0,20.0,1067.0
6,1101.0,34.0,661.0
6,1417.0,20.0,857.0
6,1309.0,25.0,789.0
6,1111.0,24.0,671.0
6,1852.0,37.0,1132.0
6,849.0,33.0,529.0
6,1239.0,14.0,759.0
6,1241.0,17.0,761.0
6,1411.0,20.0,851.0
6,2011.0,20.0,1211.0
6,914.0,37.0,554.0
6,1357.0,19.0,837.0
6,1201.0,21.0,721.0
6,904.0,33.0,544.0
6,911.0,24.0,551.0
6,1828.0,40.0,1108.0
6,1729.0,26.0,1049.0
6,658.0,18.0,418.0
6,1308.0,28.0,788.0
6,2116.0,20.0,1276.0
6,917.0,32.0,557.0
6,1039.0,14.0,639.0
6,1436.0,19.0,876.0
6,2158.0,21.0,1318.0
6,1039.0,28.0,639.0
6,1815.0,38.0,1095.0
6,2009.0,24.0,1209.0
6,1256.0,20.0,776.0
6,2019.0,26.0,1219.0
6,550.0,18.0,350.0
6,1434.0,27.0,874.0
6,1433.0,14.0,873.0
6,1627.0,17.0,987.0
6,732.0,24.0,452.0
6,1052.0,33.0,652.0
6,713.0,19.0,433.0
6,1239.0,20.0,759.0
6,1056.0,48.0,656.0
6,530.0,23.0,330.0
6,1855.0,35.0,1135.0
6,2022.0,52.0,1222.0
6,1704.0,49.0,1024.0
6,1245.0,21.0,765.0
6,914.0,25.0,554.0
6,1258.0,23.0,778.0
6,854.0,33.0,534.0
6,1313.0,31.0,793.0
6,1041.0,25.0,641.0
6,2012.0,23.0,1212.0
6,1033.0,25.0,633.0
6,1352.0,18.0,832.0
6,2040.0,24.0,1240.0
6,1041.0,20.0,641.0
6,1457.0,17.0,897.0
6,1532.0,22.0,932.0
6,1426.0,21.0,866.0
6,1114.0,20.0,674.0
6,856.0,24.0,536.0
6,1017.0,20.0,617.0
6,1958.0,25.0,1198.0
6,1903.0,38.0,1143.0
6,1259.0,21.0,779.0
6,1826.0,24.0,1106.0
6,903.0,26.0,543.0
6,932.0,24.0,572.0
6,1042.0,20.0,642.0
6,2045.0,24.0,1245.0
6,1048.0,23.0,648.0
6,1344.0,22.0,824.0
5,1828.0,24.0,1108.0
5,728.0,36.0,448.0
5,1614.0,46.0,974.0
5,1050.0,32.0,650.0
5,1259.0,44.0,779.0
5,1858.0,54.0,1138.0
5,2121.0,22.0,1281.0
5,1254.0,46.0,774.0
5,1619.0,34.0,979.0
5,1128.0,39.0,688.0
5,1601.0,20.0,961.0
5,1044.0,37.0,644.0
5,1422.0,31.0,862.0
5,2023.0,28.0,1223.0
5,1356.0,36.0,836.0
5,1610.0,22.0,970.0
5,1256.0,49.0,776.0
5,2101.0,24.0,1261.0
5,2017.0,33.0,1217.0
5,1905.0,39.0,1145.0
5,1049.0,40.0,649.0
5,2219.0,20.0,1339.0
5,1957.0,35.0,1197.0
5,1808.0,27.0,1088.0
5,1442.0,20.0,882.0
5,1952.0,38.0,1192.0
5,908.0,31.0,548.0
5,1208.0,85.0,728.0
5,1338.0,47.0,818.0
5,904.0,40.0,544.0
5,1300.0,46.0,780.0
5,726.0,38.0,446.0
5,1444.0,24.0,884.0
5,1614.0,86.0,974.0
5,1426.0,26.0,866.0
5,712.0,53.0,432.0
5,857.0,32.0,537.0
5,2009.0,38.0,1209.0
5,900.0,59.0,540.0
5,1435.0,29.0,875.0
5,1312.0,40.0,792.0
5,1050.0,55.0,650.0
5,713.0,27.0,433.0
5,1208.0,45.0,728.0
5,1118.0,57.0,678.0
5,1908.0,45.0,1148.0
5,2038.0,29.0,1238.0
5,714.0,65.0,434.0
5,912.0,62.0,552.0
5,2134.0,26.0,1294.0
5,922.0,90.0,562.0
5,1611.0,24.0,971.0
5,1135.0,48.0,695.0
5,1257.0,37.0,777.0
5,1846.0,54.0,1126.0
5,953.0,37.0,593.0
5,1219.0,46.0,739.0
5,1851.0,55.0,1131.0
5,1901.0,63.0,1141.0
5,949.0,41.0,589.0
5,1648.0,28.0,1008.0
5,1729.0,25.0,1049.0
5,1625.0,31.0,985.0
5,1157.0,41.0,717.0
5,1433.0,29.0,873.0
5,1816.0,57.0,1096.0
5,904.0,71.0,544.0
5,2029.0,34.0,1229.0
5,1232.0,33.0,752.0
5,1548.0,21.0,948.0
5,704.0,28.0,424.0
5,906.0,42.0,546.0
5,1550.0,26.0,950.0
5,756.0,34.0,476.0
5,1103.0,22.0,663.0
5,728.0,60.0,448.0
5,2014.0,41.0,1214.0
5,1701.0,16.0,1021.0
5,936.0,53.0,576.0
5,1101.0,26.0,661.0
5,1825.0,31.0,1105.0
5,1630.0,29.0,990.0
5,852.0,26.0,532.0
5,912.0,83.0,552.0
5,1822.0,36.0,1102.0
5,1937.0,42.0,1177.0
5,1103.0,29.0,663.0
5,1909.0,48.0,1149.0
5,2011.0,39.0,1211.0
5,1819.0,22.0,1099.0
5,1556.0,20.0,956.0
5,1000.0,41.0,600.0
5,2200.0,18.0,1320.0
5,1628.0,58.0,988.0
5,1203.0,40.0,723.0
5,1615.0,40.0,975.0
5,2044.0,23.0,1244.0
5,1112.0,43.0,672.0
5,1253.0,32.0,773.0
5,1911.0,57.0,1151.0
5,1038.0,46.0,638.0
5,2123.0,15.0,1283.0
5,1101.0,42.0,661.0
5,1317.0,44.0,797.0
5,2101.0,21.0,1261.0
5,654.0,36.0,414.0
5,1331.0,43.0,811.0
5,646.0,58.0,406.0
5,1159.0,42.0,719.0
5,850.0,38.0,530.0
5,902.0,32.0,542.0
5,2011.0,53.0,1211.0
5,1821.0,27.0,1101.0
5,943.0,85.0,583.0
5,711.0,35.0,431.0
5,1051.0,32.0,651.0
5,1828.0,47.0,1108.0
5,1127.0,55.0,687.0
5,2006.0,31.0,1206.0
5,1602.0,21.0,962.0
5,1208.0,39.0,728.0
5,1752.0,24.0,1072.0
5,2054.0,23.0,1254.0
5,1840.0,38.0,1120.0
5,556.0,21.0,356.0
5,1420.0,41.0,860.0
5,2030.0,33.0,1230.0
5,1134.0,45.0,694.0
5,1428.0,32.0,868.0
5,855.0,29.0,535.0
5,2008.0,39.0,1208.0
5,1319.0,38.0,799.0
5,1942.0,28.0,1182.0
5,551.0,21.0,351.0
5,1424.0,30.0,864.0
5,1826.0,27.0,1106.0
5,1439.0,27.0,879.0
5,1059.0,51.0,659.0
5,718.0,38.0,438.0
5,1847.0,69.0,1127.0
5,2016.0,42.0,1216.0
5,854.0,57.0,534.0
5,1826.0,33.0,1106.0
5,2114.0,25.0,1274.0
5,1407.0,41.0,847.0
5,2006.0,36.0,1206.0
5,1818.0,19.0,1098.0
5,1235.0,38.0,755.0
5,1827.0,53.0,1107.0
5,707.0,34.0,427.0
5,733.0,41.0,453.0
5,918.0,102.0,558.0
5,1842.0,27.0,1122.0
5,1944.0,42.0,1184.0
5,801.0,45.0,481.0
5,1218.0,42.0,738.0
5,1417.0,32.0,857.0
5,1805.0,55.0,1085.0
5,1325.0,57.0,805.0
5,900.0,25.0,540.0
5,1435.0,29.0,875.0
5,1622.0,100.0,982.0
5,1603.0,36.0,963.0
5,1518.0,22.0,918.0
5,1412.0,36.0,852.0
5,920.0,36.0,560.0
5,2122.0,21.0,1282.0
5,701.0,64.0,421.0
5,1422.0,23.0,862.0
5,736.0,47.0,456.0
5,2048.0,27.0,1248.0
5,1611.0,18.0,971.0
5,1103.0,38.0,663.0
5,1847.0,39.0,1127.0
5,1355.0,36.0,835.0
5,1322.0,54.0,802.0
5,1058.0,44.0,658.0
5,1818.0,75.0,1098.0
5,915.0,47.0,555.0
5,1257.0,46.0,777.0
5,1246.0,40.0,766.0
5,1420.0,26.0,860.0
5,555.0,20.0,355.0
5,2047.0,28.0,1247.0
5,1217.0,37.0,737.0
5,1542.0,25.0,942.0
5,846.0,32.0,526.0
5,953.0,38.0,593.0
5,910.0,83.0,550.0
5,1840.0,64.0,1120.0
5,1541.0,22.0,941.0
5,706.0,28.0,426.0
5,1307.0,45.0,787.0
5,2048.0,26.0,1248.0
5,1236.0,52.0,756.0
5,1736.0,36.0,1056.0
5,852.0,30.0,532.0
5,1106.0,42.0,666.0
5,1424.0,33.0,864.0
5,2250.0,16.0,1370.0
5,2128.0,34.0,1288.0
5,901.0,60.0,541.0
5,1831.0,30.0,1111.0
5,2014.0,34.0,1214.0
5,1246.0,36.0,766.0
5,1958.0,40.0,1198.0
5,607.0,18.0,367.0
5,1432.0,27.0,872.0
5,1446.0,38.0,886.0
5,1634.0,79.0,994.0
5,735.0,48.0,455.0
5,1039.0,40.0,639.0
5,703.0,19.0,423.0
5,1258.0,46.0,778.0
5,1057.0,54.0,657.0
5,538.0,19.0,338.0
5,1820.0,26.0,1100.0
5,2055.0,26.0,1255.0
5,1622.0,22.0,982.0
5,1315.0,49.0,795.0
5,903.0,50.0,543.0
5,1315.0,44.0,795.0
5,934.0,64.0,574.0
5,1250.0,34.0,770.0
5,1243.0,39.0,763.0
5,2042.0,31.0,1242.0
5,1222.0,41.0,742.0
5,1555.0,19.0,955.0
5,2024.0,42.0,1224.0
5,1041.0,29.0,641.0
5,1536.0,19.0,936.0
5,1443.0,25.0,883.0
5,1121.0,55.0,681.0
5,932.0,31.0,572.0
5,2017.0,37.0,1217.0
5,1954.0,37.0,1194.0
5,909.0,57.0,549.0
5,1835.0,24.0,1115.0
5,1446.0,25.0,886.0
5,1820.0,19.0,1100.0
5,712.0,69.0,432.0
5,926.0,84.0,566.0
5,949.0,35.0,589.0
5,1044.0,42.0,644.0
5,2025.0,31.0,1225.0
5,959.0,71.0,599.0
4,1801.0,30.0,1081.0
4,726.0,30.0,446.0
4,1613.0,41.0,973.0
4,1035.0,29.0,635.0
4,1254.0,26.0,774.0
4,1817.0,31.0,1097.0
4,2122.0,27.0,1282.0
4,1246.0,19.0,766.0
4,1626.0,16.0,986.0
4,1051.0,31.0,651.0
4,1600.0,21.0,960.0
4,1033.0,29.0,633.0
4,1417.0,25.0,857.0
4,2017.0,25.0,1217.0
4,1351.0,17.0,831.0
4,1610.0,22.0,970.0
4,1251.0,31.0,771.0
4,2056.0,19.0,1256.0
4,2012.0,28.0,1212.0
4,1810.0,55.0,1090.0
4,1038.0,22.0,638.0
4,1813.0,52.0,1093.0
4,1953.0,22.0,1193.0
4,1848.0,27.0,1128.0
4,1417.0,29.0,857.0
4,1950.0,33.0,1190.0
4,949.0,23.0,589.0
4,1055.0,22.0,655.0
4,1057.0,23.0,657.0
4,856.0,26.0,536.0
4,1323.0,23.0,803.0
4,722.0,29.0,442.0
4,1432.0,20.0,872.0
4,1614.0,26.0,974.0
4,1437.0,36.0,877.0
4,709.0,24.0,429.0
4,851.0,22.0,531.0
4,2001.0,36.0,1201.0
4,900.0,27.0,540.0
4,1424.0,23.0,864.0
4,1341.0,16.0,821.0
4,853.0,28.0,533.0
4,720.0,19.0,440.0
4,1206.0,13.0,726.0
4,1110.0,33.0,670.0
4,1755.0,26.0,1075.0
4,2013.0,22.0,1213.0
4,709.0,18.0,429.0
4,902.0,32.0,542.0
4,2203.0,19.0,1323.0
4,1010.0,23.0,610.0
4,1554.0,22.0,954.0
4,1111.0,18.0,671.0
4,1444.0,25.0,884.0
4,1822.0,45.0,1102.0
4,923.0,20.0,563.0
4,1114.0,27.0,674.0
4,1756.0,30.0,1076.0
4,1840.0,42.0,1120.0
4,930.0,24.0,570.0
4,1611.0,30.0,971.0
4,1719.0,20.0,1039.0
4,1555.0,17.0,955.0
4,1106.0,26.0,666.0
4,1426.0,30.0,866.0
4,1822.0,42.0,1102.0
4,909.0,23.0,549.0
4,1416.0,19.0,856.0
4,1059.0,32.0,659.0
4,1529.0,17.0,929.0
4,848.0,19.0,528.0
4,1605.0,24.0,965.0
4,750.0,25.0,470.0
4,1049.0,47.0,649.0
4,726.0,24.0,446.0
4,1953.0,21.0,1193.0
4,1725.0,23.0,1045.0
4,917.0,33.0,557.0
4,1056.0,37.0,656.0
4,1822.0,38.0,1102.0
4,1844.0,44.0,1124.0
4,854.0,25.0,534.0
4,908.0,33.0,548.0
4,1816.0,29.0,1096.0
4,1803.0,39.0,1083.0
4,858.0,51.0,538.0
4,1845.0,35.0,1125.0
4,1645.0,27.0,1005.0
4,1823.0,52.0,1103.0
4,1612.0,19.0,972.0
4,928.0,24.0,568.0
4,2059.0,25.0,1259.0
4,1607.0,35.0,967.0
4,1211.0,25.0,731.0
4,1625.0,28.0,985.0
4,2011.0,31.0,1211.0
4,1037.0,24.0,637.0
4,1240.0,12.0,760.0
4,1823.0,27.0,1103.0
4,1044.0,27.0,644.0
4,1958.0,42.0,1198.0
4,1055.0,37.0,655.0
4,1332.0,26.0,812.0
4,1947.0,20.0,1187.0
4,649.0,20.0,409.0
4,1303.0,22.0,783.0
4,726.0,19.0,446.0
4,1044.0,22.0,644.0
4,842.0,16.0,522.0
4,843.0,24.0,523.0
4,1830.0,36.0,1110.0
4,1820.0,49.0,1100.0
4,1132.0,24.0,692.0
4,708.0,20.0,428.0
4,1119.0,22.0,679.0
4,1811.0,30.0,1091.0
4,1433.0,39.0,873.0
4,2005.0,40.0,1205.0
4,1353.0,21.0,833.0
4,1140.0,23.0,700.0
4,1614.0,29.0,974.0
4,2013.0,23.0,1213.0
4,1834.0,20.0,1114.0
4,559.0,20.0,359.0
4,1356.0,20.0,836.0
4,1950.0,21.0,1190.0
4,1104.0,35.0,664.0
4,1442.0,37.0,882.0
4,857.0,20.0,537.0
4,1958.0,29.0,1198.0
4,1313.0,32.0,793.0
4,2010.0,35.0,1210.0
4,556.0,21.0,356.0
4,1433.0,27.0,873.0
4,1808.0,31.0,1088.0
4,1440.0,27.0,880.0
4,1056.0,32.0,656.0
4,713.0,20.0,433.0
4,1828.0,32.0,1108.0
4,1959.0,38.0,1199.0
4,852.0,24.0,532.0
4,1814.0,25.0,1094.0
4,2116.0,23.0,1276.0
4,1402.0,23.0,842.0
4,2006.0,31.0,1206.0
4,1751.0,19.0,1071.0
4,1031.0,17.0,631.0
4,1754.0,30.0,1074.0
4,713.0,21.0,433.0
4,731.0,23.0,451.0
4,923.0,20.0,563.0
4,1842.0,37.0,1122.0
4,1824.0,55.0,1104.0
4,827.0,20.0,507.0
4,1102.0,25.0,662.0
4,1416.0,28.0,856.0
4,1805.0,24.0,1085.0
4,1308.0,34.0,788.0
4,849.0,21.0,529.0
4,1429.0,29.0,869.0
4,1753.0,42.0,1073.0
4,1952.0,23.0,1192.0
4,1626.0,23.0,986.0
4,1110.0,39.0,670.0
4,1357.0,18.0,837.0
4,859.0,20.0,539.0
4,2006.0,19.0,1206.0
4,703.0,18.0,423.0
4,1331.0,24.0,811.0
4,733.0,18.0,453.0
4,1721.0,130.0,1041.0
4,1102.0,25.0,662.0
4,1810.0,37.0,1090.0
4,1356.0,24.0,836.0
4,1316.0,22.0,796.0
4,1052.0,27.0,652.0
4,1824.0,30.0,1104.0
4,907.0,29.0,547.0
4,1243.0,23.0,763.0
4,1244.0,14.0,764.0
4,1404.0,24.0,844.0
4,556.0,20.0,356.0
4,2027.0,20.0,1227.0
1,1113.0,24.0,673.0
1,732.0,27.0,452.0
1,2120.0,26.0,1280.0
1,1057.0,32.0,657.0
1,1033.0,24.0,633.0
1,2018.0,24.0,1218.0
1,1754.0,21.0,1074.0
1,1742.0,33.0,1062.0
1,1759.0,29.0,1079.0
1,921.0,29.0,561.0
1,1112.0,33.0,672.0
1,558.0,26.0,358.0
1,1958.0,21.0,1198.0
1,2104.0,23.0,1264.0
1,1455.0,23.0,895.0
1,841.0,20.0,521.0
1,852.0,25.0,532.0
1,2116.0,25.0,1276.0
1,718.0,21.0,438.0
1,1116.0,17.0,676.0
1,557.0,21.0,357.0
1,1313.0,32.0,793.0
1,2012.0,20.0,1212.0
1,1236.0,18.0,756.0
1,718.0,34.0,438.0
1,1419.0,28.0,859.0
1,1441.0,27.0,881.0
1,858.0,31.0,538.0
1,1955.0,20.0,1195.0
1,856.0,31.0,536.0
1,2059.0,43.0,1259.0
1,1832.0,21.0,1112.0
1,1310.0,18.0,790.0
1,826.0,24.0,506.0
1,1105.0,44.0,665.0
1,1627.0,14.0,987.0
1,1948.0,23.0,1188.0
1,1553.0,22.0,953.0
1,1959.0,28.0,1199.0
1,1430.0,19.0,870.0
1,1403.0,17.0,843.0
1,913.0,39.0,553.0
1,705.0,22.0,425.0
1,2105.0,32.0,1265.0
1,820.0,25.0,500.0
1,1805.0,40.0,1085.0
1,2018.0,30.0,1218.0
1,1947.0,17.0,1187.0
1,1534.0,18.0,934.0
1,2057.0,40.0,1257.0
1,857.0,33.0,537.0
1,706.0,24.0,426.0
1,2002.0,22.0,1202.0
1,1958.0,22.0,1198.0
1,1245.0,17.0,765.0
1,900.0,43.0,540.0
1,1950.0,25.0,1190.0
1,1247.0,17.0,767.0
1,1605.0,16.0,965.0
1,2105.0,20.0,1265.0
1,1221.0,21.0,741.0
1,1153.0,18.0,713.0
1,2105.0,28.0,1265.0
1,1027.0,18.0,627.0
1,1434.0,24.0,874.0
1,1116.0,23.0,676.0
1,911.0,48.0,551.0
1,1604.0,18.0,964.0
1,1959.0,17.0,1199.0
1,855.0,36.0,535.0
1,1332.0,18.0,812.0
1,1839.0,23.0,1119.0
1,850.0,20.0,530.0
1,1755.0,22.0,1075.0
1,910.0,28.0,550.0
1,927.0,36.0,567.0
1,1054.0,27.0,654.0
1,2007.0,48.0,1207.0
1,2120.0,16.0,1280.0
1,914.0,50.0,554.0
7,1842.0,33.0,1122.0
7,744.0,26.0,464.0
7,1259.0,26.0,779.0
7,1824.0,36.0,1104.0
7,2118.0,35.0,1278.0
7,956.0,20.0,596.0
7,1256.0,27.0,776.0
7,1034.0,17.0,634.0
7,2022.0,37.0,1222.0
7,1356.0,33.0,836.0
7,1037.0,18.0,637.0
7,1709.0,20.0,1029.0
7,553.0,20.0,353.0
7,2121.0,34.0,1281.0
7,901.0,24.0,541.0
7,2025.0,25.0,1225.0
7,714.0,22.0,434.0
7,1714.0,17.0,1034.0
7,1529.0,23.0,929.0
7,1753.0,26.0,1073.0
7,1215.0,28.0,735.0
7,1054.0,20.0,654.0
7,2133.0,22.0,1293.0
7,754.0,15.0,474.0
7,1822.0,19.0,1102.0
7,1921.0,29.0,1161.0
7,1243.0,28.0,763.0
7,2134.0,34.0,1294.0
7,2011.0,46.0,1211.0
7,1358.0,33.0,838.0
7,1648.0,20.0,1008.0
7,1951.0,29.0,1191.0
7,1043.0,25.0,643.0
7,2158.0,28.0,1318.0
7,1412.0,20.0,852.0
7,2054.0,19.0,1254.0
7,708.0,23.0,428.0
7,1814.0,32.0,1094.0
7,937.0,19.0,577.0
7,1405.0,27.0,845.0
7,649.0,19.0,409.0
7,925.0,30.0,565.0
7,1413.0,23.0,853.0
7,1243.0,18.0,763.0
7,708.0,18.0,428.0
7,1933.0,18.0,1173.0
7,2215.0,20.0,1335.0
7,546.0,24.0,346.0
7,1434.0,21.0,874.0
7,1423.0,30.0,863.0
7,1153.0,20.0,713.0
7,1959.0,19.0,1199.0
7,1538.0,21.0,938.0
7,555.0,25.0,355.0
7,1054.0,27.0,654.0
7,1302.0,24.0,782.0
7,1610.0,25.0,970.0
7,1824.0,32.0,1104.0
7,928.0,31.0,568.0
7,1058.0,27.0,658.0
7,1818.0,22.0,1098.0
7,904.0,25.0,544.0
7,927.0,47.0,567.0
7,729.0,31.0,449.0
7,2141.0,21.0,1301.0
7,707.0,20.0,427.0
7,907.0,28.0,547.0
7,1559.0,21.0,959.0
7,755.0,16.0,475.0
7,854.0,34.0,534.0
7,1553.0,19.0,953.0
7,2112.0,23.0,1272.0
7,1103.0,27.0,663.0
7,741.0,20.0,461.0
7,1619.0,19.0,979.0
7,2003.0,26.0,1203.0
7,1406.0,25.0,846.0
7,1316.0,25.0,796.0
7,731.0,52.0,451.0
7,1115.0,21.0,675.0
7,1752.0,23.0,1072.0
7,1842.0,34.0,1122.0
7,1619.0,30.0,979.0
7,854.0,32.0,534.0
7,915.0,38.0,555.0
7,1815.0,49.0,1095.0
7,1852.0,39.0,1132.0
7,1813.0,52.0,1093.0
7,706.0,24.0,426.0
7,1834.0,31.0,1114.0
7,1603.0,28.0,963.0
7,1552.0,21.0,952.0
7,953.0,27.0,593.0
7,2059.0,23.0,1259.0
7,1613.0,18.0,973.0
7,2003.0,30.0,1203.0
7,1842.0,31.0,1122.0
7,1154.0,24.0,714.0
7,1031.0,15.0,631.0
7,2147.0,47.0,1307.0
7,1109.0,30.0,669.0
7,2003.0,29.0,1203.0
7,658.0,41.0,418.0
7,1315.0,27.0,795.0
7,608.0,18.0,368.0
7,1104.0,24.0,664.0
7,927.0,24.0,567.0
7,926.0,43.0,566.0
7,1811.0,38.0,1091.0
7,1053.0,21.0,653.0
7,1745.0,20.0,1065.0
7,1357.0,19.0,837.0
7,1604.0,17.0,964.0
7,1814.0,18.0,1094.0
7,710.0,44.0,430.0
7,1033.0,16.0,633.0
7,1748.0,18.0,1068.0
7,854.0,31.0,534.0
7,1353.0,18.0,833.0
7,2020.0,33.0,1220.0
7,554.0,24.0,354.0
7,742.0,21.0,462.0
7,1936.0,17.0,1176.0
7,2145.0,28.0,1305.0
7,2207.0,23.0,1327.0
7,1059.0,28.0,659.0
7,1423.0,29.0,863.0
7,554.0,23.0,354.0
7,1822.0,24.0,1102.0
7,1439.0,23.0,879.0
7,1816.0,21.0,1096.0
7,1938.0,16.0,1178.0
7,1558.0,19.0,958.0
7,1948.0,25.0,1188.0
7,1419.0,24.0,859.0
7,728.0,22.0,448.0
7,1427.0,58.0,867.0
7,705.0,41.0,425.0
7,859.0,25.0,539.0
7,1803.0,28.0,1083.0
7,656.0,25.0,416.0
7,917.0,34.0,557.0
7,853.0,26.0,533.0
7,1805.0,24.0,1085.0
7,1331.0,23.0,811.0
7,1418.0,23.0,858.0
7,1901.0,40.0,1141.0
7,1257.0,30.0,777.0
7,1103.0,23.0,663.0
7,1100.0,30.0,660.0
7,1759.0,61.0,1079.0
7,707.0,26.0,427.0
7,2019.0,29.0,1219.0
7,1128.0,19.0,688.0
7,1100.0,26.0,660.0
7,724.0,27.0,444.0
7,859.0,28.0,539.0
7,1941.0,22.0,1181.0
7,1041.0,35.0,641.0
7,1616.0,34.0,976.0
7,1250.0,30.0,770.0
7,1053.0,22.0,653.0
7,604.0,21.0,364.0
7,2005.0,21.0,1205.0
7,848.0,16.0,528.0
7,1326.0,29.0,806.0
7,1242.0,18.0,762.0
7,1215.0,27.0,735.0
7,733.0,26.0,453.0
7,2152.0,25.0,1312.0
7,1059.0,30.0,659.0
7,1050.0,33.0,650.0
7,2016.0,25.0,1216.0
7,1752.0,21.0,1072.0
7,1745.0,27.0,1065.0
7,1835.0,37.0,1115.0
7,914.0,24.0,554.0
7,1107.0,26.0,667.0
7,1727.0,27.0,1047.0
7,557.0,25.0,357.0
7,2026.0,34.0,1226.0
7,2126.0,31.0,1286.0
7,1649.0,24.0,1009.0
7,851.0,27.0,531.0
7,937.0,35.0,577.0
7,2127.0,26.0,1287.0
7,708.0,29.0,428.0
7,1124.0,22.0,684.0
7,552.0,28.0,352.0
7,1250.0,32.0,770.0
7,2256.0,26.0,1376.0
7,1233.0,13.0,753.0
7,720.0,20.0,440.0
7,1414.0,24.0,854.0
7,1500.0,70.0,900.0
7,856.0,26.0,536.0
7,2002.0,23.0,1202.0
7,854.0,38.0,534.0
7,1949.0,24.0,1189.0
7,1317.0,21.0,797.0
7,701.0,18.0,421.0
7,1108.0,24.0,668.0
7,1618.0,22.0,978.0
7,2042.0,25.0,1242.0
7,1616.0,23.0,976.0
7,1631.0,29.0,991.0
7,1504.0,22.0,904.0
7,1425.0,24.0,865.0
7,919.0,27.0,559.0
7,706.0,30.0,426.0
7,2114.0,27.0,1274.0
7,700.0,19.0,420.0
7,1841.0,42.0,1121.0
7,2029.0,17.0,1229.0
7,2043.0,21.0,1243.0
7,1531.0,16.0,931.0
7,2000.0,20.0,1200.0
7,854.0,23.0,534.0
7,704.0,20.0,424.0
7,1958.0,33.0,1198.0
7,2022.0,23.0,1222.0
7,1336.0,22.0,816.0
7,901.0,33.0,541.0
7,1944.0,20.0,1184.0
7,1242.0,17.0,762.0
7,1558.0,18.0,958.0
7,2111.0,34.0,1271.0
7,1119.0,24.0,679.0
7,1210.0,17.0,730.0
7,2118.0,29.0,1278.0
7,1120.0,38.0,680.0
7,1432.0,18.0,872.0
7,1101.0,25.0,661.0
7,930.0,21.0,570.0
7,1606.0,23.0,966.0
7,1949.0,21.0,1189.0
7,1022.0,24.0,622.0
7,1331.0,21.0,811.0
7,1806.0,26.0,1086.0
7,949.0,48.0,589.0
7,912.0,33.0,552.0
7,930.0,26.0,570.0
7,1105.0,35.0,665.0
7,2010.0,26.0,1210.0
7,2137.0,32.0,1297.0
7,923.0,26.0,563.0
6,1752.0,17.0,1072.0
6,1021.0,36.0,621.0
6,1303.0,20.0,783.0
6,2223.0,25.0,1343.0
6,2123.0,23.0,1283.0
6,955.0,20.0,595.0
6,1303.0,21.0,783.0
6,1039.0,31.0,639.0
6,1847.0,35.0,1127.0
6,1357.0,18.0,837.0
6,1034.0,30.0,634.0
6,1718.0,17.0,1038.0
6,554.0,22.0,354.0
6,2215.0,22.0,1335.0
6,903.0,27.0,543.0
6,2036.0,22.0,1236.0
6,1754.0,16.0,1074.0
6,2121.0,28.0,1281.0
6,1209.0,25.0,729.0
6,1046.0,27.0,646.0
6,2136.0,27.0,1296.0
6,2000.0,16.0,1200.0
6,1804.0,27.0,1084.0
6,1337.0,103.0,817.0
6,1804.0,37.0,1084.0
6,2008.0,33.0,1208.0
6,1342.0,26.0,822.0
6,1616.0,24.0,976.0
6,2019.0,39.0,1219.0
6,1040.0,20.0,640.0
6,2216.0,20.0,1336.0
6,1542.0,34.0,942.0
6,2008.0,20.0,1208.0
6,706.0,23.0,426.0
6,1825.0,28.0,1105.0
6,949.0,36.0,589.0
6,450.0,22.0,290.0
6,1356.0,17.0,836.0
6,902.0,25.0,542.0
6,1455.0,40.0,895.0
6,1728.0,26.0,1048.0
6,707.0,35.0,427.0
6,1947.0,26.0,1187.0
6,2219.0,22.0,1339.0
6,551.0,22.0,351.0
6,1531.0,49.0,931.0
6,1422.0,16.0,862.0
6,1036.0,31.0,636.0
6,2018.0,26.0,1218.0
6,1544.0,22.0,944.0
6,456.0,15.0,296.0
6,548.0,18.0,348.0
6,1055.0,21.0,655.0
6,1608.0,52.0,968.0
6,1955.0,18.0,1195.0
6,1343.0,20.0,823.0
6,724.0,37.0,444.0
6,1803.0,42.0,1083.0
6,910.0,28.0,550.0
6,755.0,19.0,475.0
6,814.0,27.0,494.0
6,726.0,41.0,446.0
6,2144.0,16.0,1304.0
6,713.0,33.0,433.0
6,926.0,35.0,566.0
6,1603.0,19.0,963.0
6,805.0,26.0,485.0
6,850.0,21.0,530.0
6,1703.0,30.0,1023.0
6,2104.0,38.0,1264.0
6,1114.0,32.0,674.0
6,742.0,25.0,462.0
6,1620.0,22.0,980.0
6,2020.0,30.0,1220.0
6,1539.0,27.0,939.0
6,1823.0,28.0,1103.0
6,926.0,31.0,566.0
6,734.0,30.0,454.0
6,1414.0,26.0,854.0
6,1759.0,20.0,1079.0
6,1947.0,38.0,1187.0
6,1616.0,23.0,976.0
6,905.0,25.0,545.0
6,1840.0,36.0,1120.0
6,1809.0,32.0,1089.0
6,2040.0,21.0,1240.0
6,715.0,24.0,435.0
6,1825.0,27.0,1105.0
6,1703.0,42.0,1023.0
6,1557.0,21.0,957.0
6,929.0,25.0,569.0
6,2101.0,25.0,1261.0
6,1602.0,62.0,962.0
6,2156.0,22.0,1316.0
6,1603.0,21.0,963.0
6,1054.0,31.0,654.0
6,1033.0,38.0,633.0
6,1110.0,27.0,670.0
6,2056.0,18.0,1256.0
6,655.0,16.0,415.0
6,1355.0,36.0,835.0
6,1103.0,48.0,663.0
6,903.0,28.0,543.0
6,1814.0,28.0,1094.0
6,1054.0,36.0,654.0
6,1748.0,28.0,1068.0
6,1347.0,20.0,827.0
6,1603.0,24.0,963.0
6,1826.0,42.0,1106.0
6,709.0,26.0,429.0
6,1114.0,34.0,674.0
6,2238.0,15.0,1358.0
6,849.0,23.0,529.0
6,1403.0,22.0,843.0
6,2201.0,19.0,1321.0
6,555.0,20.0,355.0
6,657.0,26.0,417.0
6,2033.0,26.0,1233.0
6,2145.0,16.0,1305.0
6,2105.0,22.0,1265.0
6,1045.0,30.0,645.0
6,1425.0,29.0,865.0
6,556.0,20.0,356.0
6,1840.0,37.0,1120.0
6,1651.0,26.0,1011.0
6,1817.0,47.0,1097.0
6,1938.0,15.0,1178.0
6,1556.0,29.0,956.0
6,2024.0,27.0,1224.0
6,1459.0,23.0,899.0
6,727.0,33.0,447.0
6,1443.0,32.0,883.0
6,700.0,26.0,420.0
6,938.0,36.0,578.0
6,612.0,18.0,372.0
6,1758.0,19.0,1078.0
6,718.0,30.0,438.0
6,913.0,26.0,553.0
6,1806.0,19.0,1086.0
6,1244.0,22.0,764.0
6,1447.0,42.0,887.0
6,1828.0,38.0,1108.0
6,1256.0,21.0,776.0
6,1059.0,27.0,659.0
6,1103.0,23.0,663.0
6,1816.0,23.0,1096.0
6,704.0,30.0,424.0
6,2039.0,25.0,1239.0
6,1133.0,22.0,693.0
6,1234.0,43.0,754.0
6,858.0,32.0,538.0
6,2032.0,20.0,1232.0
6,942.0,29.0,582.0
6,1551.0,19.0,951.0
6,1300.0,19.0,780.0
6,608.0,16.0,368.0
6,2200.0,28.0,1320.0
6,842.0,18.0,522.0
6,1404.0,27.0,844.0
6,1242.0,14.0,762.0
6,730.0,21.0,450.0
6,2209.0,29.0,1329.0
6,1100.0,27.0,660.0
6,1035.0,26.0,635.0
6,2045.0,22.0,1245.0
6,1755.0,17.0,1075.0
6,1804.0,31.0,1084.0
6,1803.0,41.0,1083.0
6,856.0,44.0,536.0
6,1113.0,25.0,673.0
6,2015.0,43.0,1215.0
6,2112.0,24.0,1272.0
6,1509.0,36.0,909.0
6,842.0,26.0,522.0
6,926.0,52.0,566.0
6,2119.0,23.0,1279.0
6,704.0,20.0,424.0
6,1126.0,19.0,686.0
6,1355.0,26.0,835.0
6,2018.0,27.0,1218.0
6,718.0,26.0,438.0
6,1449.0,25.0,889.0
6,844.0,21.0,524.0
6,2049.0,19.0,1249.0
6,913.0,34.0,553.0
6,1946.0,32.0,1186.0
6,1309.0,28.0,789.0
6,700.0,22.0,420.0
6,1120.0,22.0,680.0
6,1621.0,26.0,981.0
6,1954.0,21.0,1194.0
6,1817.0,33.0,1097.0
6,1430.0,16.0,870.0
6,1357.0,19.0,837.0
6,924.0,31.0,564.0
6,706.0,24.0,426.0
6,2213.0,27.0,1333.0
6,1805.0,18.0,1085.0
6,2004.0,23.0,1204.0
6,2028.0,26.0,1228.0
6,1539.0,83.0,939.0
6,2203.0,21.0,1323.0
6,903.0,23.0,543.0
6,706.0,24.0,426.0
6,1956.0,30.0,1196.0
6,2131.0,20.0,1291.0
6,1248.0,22.0,768.0
6,859.0,34.0,539.0
6,1940.0,28.0,1180.0
6,1241.0,24.0,761.0
6,1601.0,29.0,961.0
6,2146.0,18.0,1306.0
6,1158.0,28.0,718.0
6,2124.0,21.0,1284.0
6,1337.0,17.0,817.0
6,1302.0,49.0,782.0
6,1533.0,18.0,933.0
6,1124.0,20.0,684.0
6,925.0,47.0,565.0
6,1648.0,28.0,1008.0
6,900.0,29.0,540.0
6,1350.0,27.0,830.0
6,1930.0,18.0,1170.0
6,859.0,25.0,539.0
6,913.0,15.0,553.0
6,926.0,36.0,566.0
6,1052.0,32.0,652.0
6,2024.0,24.0,1224.0
6,2328.0,22.0,1408.0
6,919.0,32.0,559.0
6,1112.0,23.0,672.0
5,1802.0,32.0,1082.0
5,1258.0,26.0,778.0
5,1818.0,50.0,1098.0
5,2125.0,34.0,1285.0
5,1011.0,19.0,611.0
5,1248.0,23.0,768.0
5,1038.0,30.0,638.0
5,1755.0,31.0,1075.0
5,1444.0,24.0,884.0
5,1033.0,25.0,633.0
5,1743.0,25.0,1063.0
5,552.0,23.0,352.0
5,2154.0,19.0,1314.0
5,859.0,40.0,539.0
5,2019.0,24.0,1219.0
5,708.0,31.0,428.0
5,1725.0,20.0,1045.0
5,1444.0,20.0,884.0
5,1752.0,37.0,1072.0
5,1243.0,26.0,763.0
5,1102.0,23.0,662.0
5,2152.0,17.0,1312.0
5,1807.0,37.0,1087.0
5,1831.0,39.0,1111.0
5,1442.0,41.0,882.0
5,1804.0,47.0,1084.0
5,1422.0,39.0,862.0
5,2000.0,28.0,1200.0
5,1331.0,43.0,811.0
5,1605.0,23.0,965.0
5,1950.0,25.0,1190.0
5,1039.0,19.0,639.0
5,2204.0,20.0,1324.0
5,1411.0,18.0,851.0
5,1958.0,25.0,1198.0
5,707.0,26.0,427.0
5,1816.0,43.0,1096.0
5,924.0,25.0,564.0
5,608.0,17.0,368.0
5,1355.0,39.0,835.0
5,655.0,45.0,415.0
5,902.0,34.0,542.0
5,1415.0,28.0,855.0
5,1240.0,17.0,760.0
5,750.0,21.0,470.0
5,1932.0,21.0,1172.0
5,2205.0,18.0,1325.0
5,545.0,18.0,345.0
5,1423.0,42.0,863.0
5,1422.0,26.0,862.0
5,1051.0,39.0,651.0
5,1954.0,26.0,1194.0
5,1552.0,19.0,952.0
5,506.0,25.0,306.0
5,653.0,20.0,413.0
5,1107.0,19.0,667.0
5,1610.0,20.0,970.0
5,1959.0,48.0,1199.0
5,937.0,37.0,577.0
5,1043.0,17.0,643.0
5,1825.0,35.0,1105.0
5,1111.0,21.0,671.0
5,746.0,26.0,466.0
5,727.0,38.0,447.0
5,2135.0,28.0,1295.0
5,705.0,21.0,425.0
5,858.0,32.0,538.0
5,1608.0,24.0,968.0
5,754.0,21.0,474.0
5,856.0,31.0,536.0
5,1611.0,20.0,971.0
5,2000.0,30.0,1200.0
5,1057.0,40.0,657.0
5,737.0,21.0,457.0
5,1621.0,21.0,981.0
5,2004.0,44.0,1204.0
5,1426.0,45.0,866.0
5,921.0,25.0,561.0
5,839.0,42.0,519.0
5,1119.0,26.0,679.0
5,1758.0,24.0,1078.0
5,1642.0,16.0,1002.0
5,846.0,33.0,526.0
5,930.0,26.0,570.0
5,1807.0,31.0,1087.0
5,1755.0,30.0,1075.0
5,1814.0,35.0,1094.0
5,708.0,24.0,428.0
5,1854.0,39.0,1134.0
5,1611.0,41.0,971.0
5,1603.0,36.0,963.0
5,937.0,30.0,577.0
5,2023.0,26.0,1223.0
5,1603.0,22.0,963.0
5,1943.0,28.0,1183.0
5,1552.0,21.0,952.0
5,1053.0,36.0,653.0
5,1031.0,30.0,631.0
5,1955.0,33.0,1195.0
5,1143.0,19.0,703.0
5,2038.0,35.0,1238.0
5,658.0,22.0,418.0
5,1310.0,35.0,790.0
5,611.0,20.0,371.0
5,1057.0,22.0,657.0
5,851.0,20.0,531.0
5,913.0,19.0,553.0
5,1848.0,31.0,1128.0
5,1105.0,36.0,665.0
5,1756.0,63.0,1076.0
5,1353.0,18.0,833.0
5,1604.0,20.0,964.0
5,1816.0,42.0,1096.0
5,711.0,19.0,431.0
5,1034.0,20.0,634.0
5,1755.0,31.0,1075.0
5,849.0,28.0,529.0
5,1401.0,22.0,841.0
5,2026.0,47.0,1226.0
5,556.0,20.0,356.0
5,814.0,34.0,494.0
5,2015.0,37.0,1215.0
5,2134.0,23.0,1294.0
5,1936.0,21.0,1176.0
5,1221.0,16.0,741.0
5,1450.0,26.0,890.0
5,550.0,21.0,350.0
5,1830.0,49.0,1110.0
5,1500.0,39.0,900.0
5,1817.0,61.0,1097.0
5,1938.0,20.0,1178.0
5,1552.0,18.0,952.0
5,1848.0,32.0,1128.0
5,1434.0,25.0,874.0
5,728.0,20.0,448.0
5,1425.0,28.0,865.0
5,710.0,28.0,430.0
5,900.0,34.0,540.0
5,1809.0,48.0,1089.0
5,658.0,25.0,418.0
5,919.0,34.0,559.0
5,1805.0,23.0,1085.0
5,1242.0,30.0,762.0
5,1415.0,25.0,855.0
5,1802.0,28.0,1082.0
5,1259.0,32.0,779.0
5,1105.0,28.0,665.0
5,1043.0,33.0,643.0
5,1801.0,47.0,1081.0
5,705.0,24.0,425.0
5,2016.0,34.0,1216.0
5,1134.0,24.0,694.0
5,1055.0,48.0,655.0
5,721.0,31.0,441.0
5,857.0,23.0,537.0
5,1944.0,28.0,1184.0
5,1035.0,28.0,635.0
5,1551.0,31.0,951.0
5,1242.0,25.0,762.0
5,1051.0,53.0,651.0
5,603.0,35.0,363.0
5,2009.0,30.0,1209.0
5,850.0,48.0,530.0
5,1327.0,23.0,807.0
5,1249.0,22.0,769.0
5,732.0,31.0,452.0
5,2116.0,34.0,1276.0
5,1122.0,25.0,682.0
5,1032.0,25.0,632.0
5,2025.0,26.0,1225.0
5,1830.0,37.0,1110.0
5,1757.0,34.0,1077.0
5,1808.0,43.0,1088.0
5,905.0,55.0,545.0
5,1115.0,26.0,675.0
5,1409.0,16.0,849.0
5,1958.0,45.0,1198.0
5,2108.0,21.0,1268.0
5,1537.0,15.0,937.0
5,843.0,21.0,523.0
5,859.0,38.0,539.0
5,2311.0,15.0,1391.0
5,710.0,21.0,430.0
5,1232.0,21.0,752.0
5,1308.0,29.0,788.0
5,2009.0,24.0,1209.0
5,720.0,31.0,440.0
5,1421.0,26.0,861.0
5,1434.0,22.0,874.0
5,850.0,25.0,530.0
5,2031.0,34.0,1231.0
5,859.0,29.0,539.0
3,1757.0,23.0,1077.0
3,1616.0,23.0,976.0
3,852.0,68.0,532.0
3,907.0,25.0,547.0
3,1809.0,28.0,1089.0
3,1950.0,27.0,1190.0
3,856.0,16.0,536.0
3,1827.0,32.0,1107.0
3,1646.0,18.0,1006.0
3,1756.0,22.0,1076.0
3,929.0,26.0,569.0
3,2018.0,28.0,1218.0
3,1608.0,22.0,968.0
3,1820.0,55.0,1100.0
3,1034.0,23.0,634.0
3,1245.0,16.0,765.0
3,1758.0,27.0,1078.0
3,1132.0,16.0,692.0
3,2009.0,25.0,1209.0
3,1051.0,25.0,651.0
3,1336.0,17.0,816.0
3,1948.0,19.0,1188.0
3,656.0,31.0,416.0
3,640.0,18.0,400.0
3,1051.0,16.0,651.0
3,847.0,18.0,527.0
3,1819.0,27.0,1099.0
3,1821.0,40.0,1101.0
3,919.0,29.0,559.0
3,709.0,19.0,429.0
3,1039.0,21.0,639.0
3,1828.0,22.0,1108.0
3,1128.0,19.0,688.0
3,1352.0,19.0,832.0
3,1114.0,20.0,674.0
3,2011.0,34.0,1211.0
3,1813.0,21.0,1093.0
3,559.0,22.0,359.0
3,1505.0,18.0,905.0
3,1957.0,27.0,1197.0
3,1112.0,18.0,672.0
3,1444.0,26.0,884.0
3,849.0,32.0,529.0
3,2022.0,21.0,1222.0
3,1318.0,21.0,798.0
3,1803.0,24.0,1083.0
3,552.0,23.0,352.0
3,1523.0,21.0,923.0
3,1809.0,26.0,1089.0
3,1446.0,23.0,886.0
3,1207.0,17.0,727.0
3,706.0,19.0,426.0
3,1938.0,19.0,1178.0
3,656.0,38.0,416.0
3,2018.0,29.0,1218.0
3,903.0,23.0,543.0
3,1932.0,23.0,1172.0
3,1357.0,34.0,837.0
3,1750.0,23.0,1070.0
3,1029.0,19.0,629.0
3,702.0,21.0,422.0
3,732.0,18.0,452.0
3,912.0,21.0,552.0
3,1810.0,25.0,1090.0
3,1809.0,24.0,1089.0
3,1020.0,21.0,620.0
3,1101.0,22.0,661.0
3,1414.0,18.0,854.0
3,1759.0,49.0,1079.0
3,1255.0,20.0,775.0
3,844.0,21.0,524.0
3,1438.0,26.0,878.0
3,1625.0,32.0,985.0
3,1936.0,20.0,1176.0
3,1609.0,23.0,969.0
3,1050.0,24.0,650.0
3,1458.0,34.0,898.0
3,910.0,24.0,550.0
3,1534.0,16.0,934.0
3,656.0,15.0,416.0
3,1333.0,28.0,813.0
3,1635.0,27.0,995.0
3,1054.0,20.0,654.0
3,1833.0,19.0,1113.0
3,1416.0,18.0,856.0
3,1258.0,31.0,778.0
3,1048.0,23.0,648.0
3,1820.0,36.0,1100.0
3,847.0,21.0,527.0
3,1253.0,66.0,773.0
3,1634.0,25.0,994.0
3,552.0,20.0,352.0
3,2007.0,28.0,1207.0
3,1603.0,31.0,963.0
3,1002.0,21.0,602.0
3,1541.0,26.0,941.0
3,844.0,22.0,524.0
3,900.0,23.0,540.0
3,914.0,20.0,554.0
3,1818.0,33.0,1098.0
3,1546.0,26.0,946.0
3,657.0,19.0,417.0
3,1307.0,31.0,787.0
3,2000.0,22.0,1200.0
3,1318.0,40.0,798.0
3,1724.0,19.0,1044.0
3,2127.0,22.0,1287.0
3,836.0,21.0,516.0
3,1039.0,15.0,639.0
3,1414.0,23.0,854.0
3,1539.0,35.0,939.0
3,915.0,25.0,555.0
3,1922.0,21.0,1162.0
3,2001.0,17.0,1201.0
3,1239.0,14.0,759.0
3,2013.0,25.0,1213.0
3,1433.0,16.0,873.0
3,1354.0,20.0,834.0
3,1609.0,28.0,969.0
3,730.0,22.0,450.0
3,1043.0,25.0,643.0
3,706.0,20.0,426.0
3,1237.0,19.0,757.0
3,1056.0,17.0,656.0
3,639.0,28.0,399.0
3,1824.0,30.0,1104.0
3,2010.0,26.0,1210.0
3,1619.0,24.0,979.0
3,900.0,19.0,540.0
3,1256.0,29.0,776.0
3,848.0,21.0,528.0
3,1251.0,20.0,771.0
3,1051.0,18.0,651.0
3,1058.0,23.0,658.0
3,1533.0,15.0,933.0
3,1815.0,37.0,1095.0
3,1038.0,18.0,638.0
3,1440.0,19.0,880.0
3,1643.0,22.0,1003.0
3,1426.0,15.0,866.0
3,942.0,30.0,582.0
3,1935.0,25.0,1175.0
3,1949.0,24.0,1189.0
3,908.0,28.0,548.0
3,1827.0,27.0,1107.0
3,1336.0,18.0,816.0
3,1956.0,18.0,1196.0
3,905.0,22.0,545.0
3,937.0,26.0,577.0
3,1030.0,19.0,630.0
3,2034.0,24.0,1234.0
2,1916.0,21.0,1156.0
2,752.0,29.0,472.0
2,1615.0,29.0,975.0
2,1053.0,26.0,653.0
2,1404.0,16.0,844.0
2,1829.0,28.0,1109.0
2,1251.0,21.0,771.0
2,1617.0,36.0,977.0
2,1106.0,21.0,666.0
2,1601.0,19.0,961.0
2,1040.0,35.0,640.0
2,1429.0,13.0,869.0
2,2020.0,23.0,1220.0
2,1359.0,22.0,839.0
2,1620.0,17.0,980.0
2,1255.0,21.0,775.0
2,2010.0,29.0,1210.0
2,1806.0,24.0,1086.0
2,1050.0,15.0,650.0
2,1758.0,21.0,1078.0
2,1815.0,30.0,1095.0
2,1408.0,19.0,848.0
2,1955.0,22.0,1195.0
2,856.0,19.0,536.0
2,1047.0,18.0,647.0
2,859.0,41.0,539.0
2,1257.0,23.0,777.0
2,1443.0,20.0,883.0
2,1641.0,25.0,1001.0
2,1438.0,21.0,878.0
2,905.0,20.0,545.0
2,915.0,22.0,555.0
2,1418.0,32.0,858.0
2,1538.0,12.0,938.0
2,1240.0,14.0,760.0
2,900.0,21.0,540.0
2,723.0,18.0,443.0
2,1243.0,28.0,763.0
2,1111.0,28.0,671.0
2,1756.0,26.0,1076.0
2,2003.0,25.0,1203.0
2,911.0,21.0,551.0
2,1954.0,22.0,1194.0
2,925.0,18.0,565.0
2,1552.0,16.0,952.0
2,1103.0,29.0,663.0
2,1350.0,25.0,830.0
2,1803.0,23.0,1083.0
2,915.0,20.0,555.0
2,1117.0,29.0,677.0
2,1808.0,29.0,1088.0
2,1828.0,26.0,1108.0
2,1624.0,21.0,984.0
2,1720.0,25.0,1040.0
2,1036.0,19.0,636.0
2,1435.0,31.0,875.0
2,1808.0,32.0,1088.0
2,904.0,40.0,544.0
2,1423.0,24.0,863.0
2,1113.0,17.0,673.0
2,1537.0,24.0,937.0
2,847.0,26.0,527.0
2,1602.0,25.0,962.0
2,759.0,24.0,479.0
2,1102.0,18.0,662.0
2,730.0,41.0,450.0
2,1644.0,21.0,1004.0
2,917.0,31.0,557.0
2,1235.0,22.0,755.0
2,1756.0,37.0,1076.0
2,850.0,22.0,530.0
2,923.0,39.0,563.0
2,1809.0,23.0,1089.0
2,1800.0,25.0,1080.0
2,859.0,21.0,539.0
2,1833.0,21.0,1113.0
2,1645.0,22.0,1005.0
2,1815.0,33.0,1095.0
2,936.0,24.0,576.0
2,2021.0,22.0,1221.0
2,1646.0,22.0,1006.0
2,1618.0,18.0,978.0
2,1037.0,24.0,637.0
2,1304.0,15.0,784.0
2,1816.0,48.0,1096.0
2,1034.0,14.0,634.0
2,2057.0,17.0,1257.0
2,1050.0,22.0,650.0
2,1304.0,31.0,784.0
2,1948.0,19.0,1188.0
2,654.0,23.0,414.0
2,644.0,34.0,404.0
2,1158.0,22.0,718.0
2,854.0,58.0,534.0
2,1858.0,28.0,1138.0
2,1811.0,27.0,1091.0
2,922.0,29.0,562.0
2,714.0,21.0,434.0
2,1035.0,19.0,635.0
2,1815.0,35.0,1095.0
2,1053.0,38.0,653.0
2,1357.0,20.0,837.0
2,1254.0,24.0,774.0
2,2014.0,26.0,1214.0
2,1834.0,23.0,1114.0
2,620.0,20.0,380.0
2,1355.0,18.0,835.0
2,2000.0,21.0,1200.0
2,1056.0,23.0,656.0
2,1433.0,17.0,873.0
2,930.0,32.0,570.0
2,2000.0,29.0,1200.0
2,1328.0,19.0,808.0
2,1806.0,21.0,1086.0
2,556.0,16.0,356.0
2,1430.0,22.0,870.0
2,1803.0,20.0,1083.0
2,1446.0,20.0,886.0
2,1152.0,21.0,712.0
2,705.0,16.0,425.0
2,1808.0,62.0,1088.0
2,2001.0,24.0,1201.0
2,850.0,31.0,530.0
2,1846.0,26.0,1126.0
2,1403.0,21.0,843.0
2,1800.0,19.0,1080.0
2,1210.0,15.0,730.0
2,702.0,21.0,422.0
2,829.0,26.0,509.0
2,914.0,36.0,554.0
2,1824.0,36.0,1104.0
2,1924.0,31.0,1164.0
2,754.0,20.0,474.0
2,1152.0,18.0,712.0
2,1411.0,20.0,851.0
2,1915.0,21.0,1155.0
2,1300.0,22.0,780.0
2,851.0,19.0,531.0
2,1517.0,15.0,917.0
2,1822.0,26.0,1102.0
2,1949.0,26.0,1189.0
2,1617.0,23.0,977.0
2,1110.0,22.0,670.0
2,1358.0,53.0,838.0
2,1046.0,19.0,646.0
2,1539.0,23.0,939.0
2,706.0,14.0,426.0
2,1338.0,19.0,818.0
2,1813.0,49.0,1093.0
2,1055.0,22.0,655.0
2,1806.0,18.0,1086.0
2,1353.0,20.0,833.0
2,1326.0,19.0,806.0
2,1052.0,23.0,652.0
2,1818.0,48.0,1098.0
2,854.0,21.0,534.0
2,1249.0,19.0,769.0
2,1645.0,24.0,1005.0
2,553.0,23.0,353.0
2,2008.0,21.0,1208.0
2,1606.0,23.0,966.0
2,913.0,22.0,553.0
2,1546.0,22.0,946.0
2,846.0,19.0,526.0
2,900.0,17.0,540.0
2,903.0,23.0,543.0
2,1811.0,22.0,1091.0
2,1548.0,28.0,948.0
2,656.0,23.0,416.0
2,1315.0,27.0,795.0
2,2055.0,17.0,1255.0
2,1233.0,31.0,753.0
2,1705.0,22.0,1025.0
2,841.0,19.0,521.0
2,1149.0,19.0,709.0
2,1420.0,19.0,860.0
2,1538.0,20.0,938.0
2,918.0,26.0,558.0
2,1813.0,24.0,1093.0
2,2000.0,24.0,1200.0
2,1244.0,40.0,764.0
2,1954.0,28.0,1194.0
2,551.0,19.0,351.0
2,1433.0,22.0,873.0
2,1435.0,23.0,875.0
2,1651.0,21.0,1011.0
2,728.0,20.0,448.0
2,1104.0,21.0,664.0
2,706.0,16.0,426.0
2,1245.0,15.0,765.0
2,1054.0,26.0,654.0
2,536.0,23.0,336.0
2,1814.0,47.0,1094.0
2,2010.0,25.0,1210.0
2,1618.0,21.0,978.0
2,1242.0,17.0,762.0
2,940.0,20.0,580.0
2,1257.0,27.0,777.0
2,847.0,17.0,527.0
2,1303.0,26.0,783.0
2,1044.0,20.0,644.0
2,1034.0,16.0,634.0
2,1541.0,23.0,941.0
2,1555.0,19.0,955.0
2,1039.0,28.0,639.0
2,1437.0,31.0,877.0
2,1535.0,17.0,935.0
2,1443.0,19.0,883.0
2,1207.0,19.0,727.0
2,1956.0,35.0,1196.0
2,1942.0,20.0,1182.0
2,852.0,20.0,532.0
2,1825.0,30.0,1105.0
2,1259.0,19.0,779.0
2,1926.0,18.0,1166.0
2,710.0,19.0,430.0
2,917.0,19.0,557.0
2,934.0,24.0,574.0
2,1049.0,27.0,649.0
2,2021.0,21.0,1221.0
1,1808.0,21.0,1088.0
1,751.0,41.0,471.0
1,1739.0,35.0,1059.0
1,1309.0,56.0,789.0
1,1253.0,24.0,773.0
1,1824.0,52.0,1104.0
1,2217.0,55.0,1337.0
1,1704.0,30.0,1024.0
1,1628.0,26.0,988.0
1,1057.0,23.0,657.0
1,1601.0,20.0,961.0
1,1050.0,29.0,650.0
1,1418.0,18.0,858.0
1,2105.0,21.0,1265.0
1,1358.0,35.0,838.0
1,1642.0,22.0,1002.0
1,1312.0,28.0,792.0
1,2044.0,23.0,1244.0
1,2122.0,39.0,1282.0
1,1820.0,20.0,1100.0
1,1244.0,20.0,764.0
1,1759.0,17.0,1079.0
1,2023.0,25.0,1223.0
1,1823.0,22.0,1103.0
1,1604.0,27.0,964.0
1,2032.0,22.0,1232.0
1,916.0,19.0,556.0
1,1205.0,26.0,725.0
1,1507.0,18.0,907.0
1,857.0,19.0,537.0
1,734.0,42.0,454.0
1,1437.0,17.0,877.0
1,1636.0,23.0,996.0
1,1433.0,19.0,873.0
1,712.0,20.0,432.0
1,907.0,24.0,547.0
1,2024.0,34.0,1224.0
1,914.0,24.0,554.0
1,1415.0,24.0,855.0
1,1558.0,17.0,958.0
1,1001.0,25.0,601.0
1,719.0,22.0,439.0
1,1213.0,34.0,733.0
1,1123.0,28.0,683.0
1,1842.0,32.0,1122.0
1,2010.0,39.0,1210.0
1,714.0,23.0,434.0
1,905.0,27.0,545.0
1,2026.0,25.0,1226.0
1,1202.0,16.0,722.0
1,1606.0,24.0,966.0
1,1518.0,20.0,918.0
1,1907.0,24.0,1147.0
1,1332.0,22.0,812.0
1,1800.0,22.0,1080.0
1,1836.0,26.0,1116.0
1,946.0,21.0,586.0
1,1753.0,23.0,1073.0
1,1754.0,26.0,1074.0
1,2201.0,33.0,1321.0
1,1057.0,21.0,657.0
1,1704.0,25.0,1024.0
1,1813.0,20.0,1093.0
1,927.0,27.0,567.0
1,1423.0,27.0,863.0
1,1127.0,41.0,687.0
1,1553.0,21.0,953.0
1,705.0,17.0,425.0
1,908.0,21.0,548.0
1,1652.0,14.0,1012.0
1,758.0,30.0,478.0
1,1046.0,24.0,646.0
1,2012.0,24.0,1212.0
1,1845.0,27.0,1125.0
1,929.0,25.0,569.0
1,1121.0,15.0,681.0
1,1802.0,23.0,1082.0
1,946.0,23.0,586.0
1,927.0,40.0,567.0
1,1928.0,18.0,1168.0
1,1000.0,27.0,600.0
1,1915.0,25.0,1155.0
1,1713.0,21.0,1033.0
1,2001.0,17.0,1201.0
1,1556.0,19.0,956.0
1,1222.0,25.0,742.0
1,2034.0,21.0,1234.0
1,1611.0,35.0,971.0
1,1317.0,34.0,797.0
1,1612.0,20.0,972.0
1,2005.0,21.0,1205.0
1,1212.0,22.0,732.0
1,1352.0,15.0,832.0
1,2013.0,27.0,1213.0
1,1053.0,22.0,653.0
1,1208.0,27.0,728.0
1,1405.0,25.0,845.0
1,1951.0,38.0,1191.0
1,1117.0,25.0,677.0
1,1407.0,17.0,847.0
1,914.0,25.0,554.0
1,1114.0,25.0,674.0
1,1040.0,12.0,640.0
1,859.0,18.0,539.0
1,2001.0,37.0,1201.0
1,1826.0,25.0,1106.0
1,924.0,32.0,564.0
1,719.0,25.0,439.0
1,1107.0,21.0,667.0
1,1827.0,40.0,1107.0
1,1304.0,19.0,784.0
1,1430.0,19.0,870.0
1,1611.0,39.0,971.0
1,1228.0,17.0,748.0
1,1844.0,31.0,1124.0
1,2104.0,19.0,1264.0
1,1811.0,30.0,1091.0
1,1403.0,20.0,843.0
1,2023.0,22.0,1223.0
1,1339.0,24.0,819.0
1,1807.0,31.0,1087.0
1,854.0,28.0,534.0
1,2002.0,21.0,1202.0
1,1413.0,50.0,853.0
1,1830.0,23.0,1110.0
1,1603.0,30.0,963.0
1,1835.0,23.0,1115.0
1,1503.0,21.0,903.0
1,1056.0,23.0,656.0
1,713.0,28.0,433.0
1,1826.0,27.0,1106.0
1,854.0,22.0,534.0
1,1815.0,25.0,1095.0
1,2236.0,17.0,1356.0
1,1419.0,29.0,859.0
1,1954.0,18.0,1194.0
1,1758.0,21.0,1078.0
1,1817.0,27.0,1097.0
1,719.0,23.0,439.0
1,732.0,21.0,452.0
1,919.0,38.0,559.0
1,1826.0,32.0,1106.0
1,1828.0,36.0,1108.0
1,827.0,23.0,507.0
1,1106.0,23.0,666.0
1,1528.0,23.0,928.0
1,1914.0,24.0,1154.0
1,1434.0,27.0,874.0
1,902.0,22.0,542.0
1,1441.0,31.0,881.0
1,1615.0,24.0,975.0
1,1954.0,22.0,1194.0
1,1603.0,20.0,963.0
1,1053.0,25.0,653.0
1,1522.0,45.0,922.0
1,904.0,39.0,544.0
1,1953.0,34.0,1193.0
1,725.0,20.0,445.0
1,1359.0,19.0,839.0
1,751.0,80.0,471.0
1,1339.0,21.0,819.0
1,1830.0,44.0,1110.0
1,1542.0,21.0,942.0
1,1510.0,25.0,910.0
1,1110.0,25.0,670.0
1,1854.0,27.0,1134.0
1,847.0,36.0,527.0
1,1257.0,17.0,777.0
1,1342.0,23.0,822.0
1,1603.0,32.0,963.0
1,643.0,18.0,403.0
1,2201.0,42.0,1321.0
1,1626.0,24.0,986.0
1,1545.0,21.0,945.0
1,848.0,26.0,528.0
1,914.0,56.0,554.0
1,916.0,35.0,556.0
1,1827.0,26.0,1107.0
1,658.0,15.0,418.0
1,1729.0,25.0,1049.0
1,2009.0,28.0,1209.0
1,1246.0,20.0,766.0
1,1659.0,24.0,1019.0
1,1300.0,19.0,780.0
1,2151.0,26.0,1311.0
1,843.0,55.0,523.0
1,1047.0,16.0,647.0
1,1448.0,22.0,888.0
1,2302.0,27.0,1382.0
1,2123.0,25.0,1283.0
1,908.0,23.0,548.0
1,1819.0,42.0,1099.0
1,2025.0,29.0,1225.0
1,1954.0,24.0,1194.0
1,1444.0,33.0,884.0
1,1406.0,29.0,846.0
1,1611.0,26.0,971.0
1,738.0,18.0,458.0
1,1040.0,19.0,640.0
1,907.0,35.0,547.0
1,1239.0,19.0,759.0
1,1218.0,19.0,738.0
1,534.0,15.0,334.0
1,2126.0,21.0,1286.0
1,2012.0,23.0,1212.0
1,1622.0,27.0,982.0
1,1455.0,25.0,895.0
1,925.0,32.0,565.0
1,1328.0,18.0,808.0
1,914.0,27.0,554.0
1,1329.0,25.0,809.0
1,1053.0,28.0,653.0
1,2014.0,18.0,1214.0
1,2003.0,18.0,1203.0
1,1057.0,30.0,657.0
1,1546.0,25.0,946.0
1,1438.0,16.0,878.0
1,1108.0,43.0,668.0
1,923.0,37.0,563.0
1,2049.0,21.0,1249.0
1,2021.0,26.0,1221.0
1,1817.0,26.0,1097.0
1,1513.0,23.0,913.0
1,1838.0,37.0,1118.0
1,709.0,24.0,429.0
1,1008.0,16.0,608.0
1,937.0,27.0,577.0
1,1306.0,37.0,786.0
1,2054.0,18.0,1254.0
1,926.0,26.0,566.0
7,836.0,58.0,516.0
7,1716.0,25.0,1036.0
7,1303.0,30.0,783.0
7,1618.0,18.0,978.0
7,2153.0,24.0,1313.0
7,1440.0,23.0,880.0
7,1616.0,37.0,976.0
7,1625.0,42.0,985.0
7,1220.0,39.0,740.0
7,2044.0,36.0,1244.0
7,1420.0,11.0,860.0
7,1654.0,29.0,1014.0
7,1303.0,23.0,783.0
7,2108.0,23.0,1268.0
7,2132.0,26.0,1292.0
7,1826.0,40.0,1106.0
7,1120.0,114.0,680.0
7,1911.0,28.0,1151.0
7,2030.0,41.0,1230.0
7,1826.0,42.0,1106.0
7,1952.0,78.0,1192.0
7,905.0,53.0,545.0
7,1429.0,24.0,869.0
7,714.0,44.0,434.0
7,1444.0,26.0,884.0
7,1716.0,23.0,1036.0
7,1549.0,22.0,949.0
7,711.0,26.0,431.0
7,935.0,47.0,575.0
7,1448.0,15.0,888.0
7,1435.0,19.0,875.0
7,722.0,80.0,442.0
7,1802.0,27.0,1082.0
7,2300.0,21.0,1380.0
7,715.0,55.0,435.0
7,902.0,34.0,542.0
7,926.0,59.0,566.0
7,1829.0,34.0,1109.0
7,1043.0,23.0,643.0
7,1843.0,41.0,1123.0
7,1916.0,33.0,1156.0
7,956.0,40.0,596.0
7,1732.0,24.0,1052.0
7,1756.0,30.0,1076.0
7,1109.0,74.0,669.0
7,1002.0,38.0,602.0
7,1206.0,29.0,726.0
7,852.0,43.0,532.0
7,1647.0,23.0,1007.0
7,1133.0,32.0,693.0
7,729.0,32.0,449.0
7,2029.0,34.0,1229.0
7,1710.0,37.0,1030.0
7,954.0,44.0,594.0
7,1146.0,62.0,706.0
7,1750.0,19.0,1070.0
7,934.0,37.0,574.0
7,910.0,80.0,550.0
7,2029.0,30.0,1229.0
7,903.0,71.0,543.0
7,1951.0,28.0,1191.0
7,1717.0,22.0,1037.0
7,1810.0,62.0,1090.0
7,1029.0,33.0,629.0
7,2039.0,34.0,1239.0
7,2027.0,34.0,1227.0
7,1653.0,19.0,1013.0
7,2021.0,30.0,1221.0
7,1125.0,21.0,685.0
7,1340.0,30.0,820.0
7,1214.0,38.0,734.0
7,2031.0,42.0,1231.0
7,1113.0,75.0,673.0
7,1424.0,13.0,864.0
7,2118.0,36.0,1278.0
7,1347.0,24.0,827.0
7,647.0,55.0,407.0
7,1149.0,52.0,709.0
7,854.0,73.0,534.0
7,855.0,47.0,535.0
7,1045.0,29.0,645.0
7,712.0,68.0,432.0
7,1417.0,26.0,857.0
7,1940.0,22.0,1180.0
7,50.0,24.0,50.0
7,1135.0,65.0,695.0
7,2130.0,25.0,1290.0
7,1923.0,29.0,1163.0
7,1402.0,76.0,842.0
7,1959.0,39.0,1199.0
7,1134.0,65.0,694.0
7,2133.0,57.0,1293.0
7,1337.0,20.0,817.0
7,1629.0,58.0,989.0
7,2037.0,38.0,1237.0
7,1449.0,17.0,889.0
7,1143.0,26.0,703.0
7,716.0,56.0,436.0
7,2240.0,22.0,1360.0
7,902.0,37.0,542.0
7,1831.0,20.0,1111.0
7,2113.0,26.0,1273.0
7,1949.0,25.0,1189.0
7,1958.0,26.0,1198.0
7,1124.0,20.0,684.0
7,2007.0,33.0,1207.0
7,714.0,64.0,434.0
7,756.0,65.0,476.0
7,1029.0,35.0,629.0
7,1955.0,29.0,1195.0
7,2327.0,29.0,1407.0
7,1426.0,23.0,866.0
7,1438.0,18.0,878.0
7,1446.0,79.0,886.0
7,1638.0,29.0,998.0
7,1631.0,25.0,991.0
7,1511.0,22.0,911.0
7,939.0,39.0,579.0
7,33.0,26.0,33.0
7,758.0,41.0,478.0
7,1825.0,48.0,1105.0
7,1113.0,68.0,673.0
7,1445.0,23.0,885.0
7,1836.0,39.0,1116.0
7,1026.0,38.0,626.0
7,1319.0,20.0,799.0
7,1339.0,26.0,819.0
7,2146.0,33.0,1306.0
7,927.0,128.0,567.0
7,1621.0,29.0,981.0
7,917.0,27.0,557.0
7,927.0,43.0,567.0
4,929.0,26.0,569.0
4,1554.0,18.0,954.0
4,842.0,22.0,522.0
4,903.0,32.0,543.0
4,913.0,38.0,553.0
4,1816.0,25.0,1096.0
4,1546.0,20.0,946.0
4,659.0,21.0,419.0
4,1302.0,24.0,782.0
4,2005.0,35.0,1205.0
4,1425.0,29.0,865.0
4,1703.0,24.0,1023.0
4,843.0,19.0,523.0
4,1057.0,38.0,657.0
4,1414.0,30.0,854.0
4,2132.0,25.0,1292.0
4,2110.0,18.0,1270.0
4,903.0,28.0,543.0
4,1828.0,50.0,1108.0
4,2023.0,13.0,1223.0
4,1259.0,37.0,779.0
4,2015.0,36.0,1215.0
4,1433.0,38.0,873.0
4,1430.0,18.0,870.0
4,1613.0,22.0,973.0
4,732.0,17.0,452.0
4,1033.0,27.0,633.0
4,703.0,18.0,423.0
4,1244.0,10.0,764.0
4,1054.0,37.0,654.0
4,537.0,19.0,337.0
4,1809.0,37.0,1089.0
4,2022.0,37.0,1222.0
4,1627.0,32.0,987.0
4,1300.0,30.0,780.0
4,902.0,26.0,542.0
4,1302.0,56.0,782.0
4,846.0,22.0,526.0
4,1252.0,44.0,772.0
4,1132.0,20.0,692.0
4,2136.0,18.0,1296.0
4,1103.0,27.0,663.0
4,1538.0,18.0,938.0
4,1954.0,27.0,1194.0
4,1042.0,23.0,642.0
4,1441.0,28.0,881.0
4,1449.0,24.0,889.0
4,1118.0,24.0,678.0
4,927.0,21.0,567.0
4,1948.0,34.0,1188.0
4,1954.0,29.0,1194.0
4,914.0,23.0,554.0
4,1819.0,36.0,1099.0
4,1300.0,32.0,780.0
4,1811.0,21.0,1091.0
4,727.0,20.0,447.0
4,917.0,28.0,557.0
4,929.0,27.0,569.0
4,1039.0,29.0,639.0
4,2032.0,20.0,1232.0
4,932.0,38.0,572.0
3,1926.0,25.0,1166.0
3,727.0,32.0,447.0
3,1645.0,20.0,1005.0
3,1139.0,31.0,699.0
3,1314.0,29.0,794.0
3,1924.0,26.0,1164.0
3,1256.0,26.0,776.0
3,1653.0,26.0,1013.0
3,1111.0,62.0,671.0
3,1633.0,34.0,993.0
3,1126.0,32.0,686.0
3,1457.0,19.0,897.0
3,2028.0,20.0,1228.0
3,1408.0,17.0,848.0
3,1646.0,26.0,1006.0
3,1257.0,21.0,777.0
3,2025.0,34.0,1225.0
3,1849.0,57.0,1129.0
3,1120.0,29.0,680.0
3,2144.0,13.0,1304.0
3,1839.0,29.0,1119.0
3,1500.0,56.0,900.0
3,2039.0,21.0,1239.0
3,918.0,78.0,558.0
3,1156.0,34.0,716.0
3,911.0,61.0,551.0
3,1251.0,35.0,771.0
3,1653.0,18.0,1013.0
3,1755.0,28.0,1075.0
3,1447.0,25.0,887.0
3,916.0,61.0,556.0
3,911.0,83.0,551.0
3,1541.0,53.0,941.0
3,1812.0,21.0,1092.0
3,1517.0,23.0,917.0
3,917.0,70.0,557.0
3,709.0,106.0,429.0
3,1240.0,43.0,760.0
3,1203.0,35.0,723.0
3,2017.0,27.0,1217.0
3,2032.0,26.0,1232.0
3,713.0,65.0,433.0
3,859.0,77.0,539.0
3,2108.0,15.0,1268.0
3,1151.0,40.0,711.0
3,1643.0,21.0,1003.0
3,1210.0,27.0,730.0
3,1348.0,15.0,828.0
3,1842.0,26.0,1122.0
3,942.0,90.0,582.0
3,1146.0,42.0,706.0
3,1809.0,28.0,1089.0
3,1828.0,31.0,1108.0
3,1110.0,36.0,670.0
3,1643.0,23.0,1003.0
3,1757.0,32.0,1077.0
3,1126.0,27.0,686.0
3,1434.0,16.0,874.0
3,1834.0,24.0,1114.0
3,1311.0,19.0,791.0
3,1502.0,25.0,902.0
3,1140.0,31.0,700.0
3,1613.0,17.0,973.0
3,850.0,89.0,530.0
3,1643.0,28.0,1003.0
3,754.0,114.0,474.0
3,1115.0,40.0,675.0
3,723.0,52.0,443.0
3,1729.0,26.0,1049.0
3,917.0,104.0,557.0
3,1810.0,16.0,1090.0
3,1815.0,32.0,1095.0
3,913.0,67.0,553.0
3,922.0,126.0,562.0
3,1854.0,26.0,1134.0
3,1835.0,32.0,1115.0
3,919.0,80.0,559.0
3,1929.0,35.0,1169.0
3,1746.0,33.0,1066.0
3,1832.0,15.0,1112.0
3,1032.0,52.0,632.0
3,2022.0,25.0,1222.0
3,1636.0,23.0,996.0
3,1625.0,12.0,985.0
3,1129.0,51.0,689.0
3,1250.0,14.0,770.0
3,2007.0,24.0,1207.0
3,1307.0,23.0,787.0
3,2001.0,31.0,1201.0
3,1134.0,25.0,694.0
3,1711.0,20.0,1031.0
3,1954.0,36.0,1194.0
3,653.0,51.0,413.0
3,638.0,15.0,398.0
3,1055.0,70.0,655.0
3,851.0,52.0,531.0
3,1850.0,20.0,1130.0
3,1824.0,30.0,1104.0
3,1005.0,71.0,605.0
3,703.0,50.0,423.0
3,1042.0,54.0,642.0
3,2106.0,21.0,1266.0
3,1315.0,57.0,795.0
3,1405.0,14.0,845.0
3,1254.0,26.0,774.0
3,2109.0,27.0,1269.0
3,1819.0,21.0,1099.0
3,558.0,24.0,358.0
3,1505.0,32.0,905.0
3,1943.0,24.0,1183.0
3,1126.0,32.0,686.0
3,1429.0,16.0,869.0
3,855.0,64.0,535.0
3,2005.0,26.0,1205.0
3,1343.0,23.0,823.0
3,1824.0,31.0,1104.0
3,552.0,18.0,352.0
3,1546.0,26.0,946.0
3,1810.0,17.0,1090.0
3,1633.0,24.0,993.0
3,1138.0,48.0,698.0
3,705.0,77.0,425.0
3,1855.0,26.0,1135.0
3,2042.0,20.0,1242.0
3,2009.0,21.0,1209.0
3,917.0,116.0,557.0
3,1826.0,20.0,1106.0
3,1445.0,22.0,885.0
3,1908.0,24.0,1148.0
3,1210.0,27.0,730.0
3,656.0,51.0,416.0
3,729.0,44.0,449.0
3,915.0,116.0,555.0
3,1804.0,40.0,1084.0
3,2038.0,16.0,1238.0
3,758.0,125.0,478.0
3,1209.0,40.0,729.0
3,1536.0,24.0,936.0
3,1852.0,27.0,1132.0
3,1404.0,25.0,844.0
3,901.0,82.0,541.0
3,1451.0,30.0,891.0
3,1627.0,25.0,987.0
3,1955.0,24.0,1195.0
3,1637.0,27.0,997.0
3,1140.0,35.0,700.0
3,1622.0,19.0,982.0
3,907.0,109.0,547.0
3,1613.0,22.0,973.0
3,1119.0,82.0,679.0
3,1426.0,29.0,866.0
3,1843.0,22.0,1123.0
3,1153.0,34.0,713.0
3,1821.0,24.0,1101.0
3,1358.0,18.0,838.0
3,1328.0,14.0,808.0
3,1140.0,45.0,700.0
3,1912.0,37.0,1152.0
3,850.0,100.0,530.0
3,1247.0,28.0,767.0
3,1752.0,20.0,1072.0
3,549.0,15.0,349.0
3,2008.0,28.0,1208.0
3,1636.0,26.0,996.0
3,1156.0,33.0,716.0
3,1543.0,28.0,943.0
3,911.0,62.0,551.0
3,926.0,72.0,566.0
3,1005.0,84.0,605.0
3,1903.0,42.0,1143.0
3,1659.0,17.0,1019.0
3,658.0,51.0,418.0
3,1312.0,22.0,792.0
3,2041.0,35.0,1241.0
3,1238.0,54.0,758.0
3,1744.0,19.0,1064.0
3,2149.0,12.0,1309.0
3,908.0,72.0,548.0
3,1141.0,31.0,701.0
3,1448.0,22.0,888.0
3,1550.0,19.0,950.0
3,916.0,125.0,556.0
3,1820.0,25.0,1100.0
3,2011.0,23.0,1211.0
3,1244.0,24.0,764.0
3,2009.0,32.0,1209.0
3,1509.0,17.0,909.0
3,1713.0,20.0,1033.0
3,1758.0,43.0,1078.0
3,734.0,153.0,454.0
3,1337.0,23.0,817.0
3,705.0,96.0,425.0
3,1250.0,31.0,770.0
3,1211.0,37.0,731.0
3,535.0,19.0,335.0
3,2042.0,21.0,1242.0
3,2058.0,21.0,1258.0
3,1751.0,31.0,1071.0
3,942.0,96.0,582.0
3,1341.0,30.0,821.0
3,1214.0,40.0,734.0
3,1250.0,35.0,770.0
3,1146.0,30.0,706.0
3,1143.0,24.0,703.0
3,1655.0,24.0,1015.0
3,1619.0,20.0,979.0
3,1526.0,58.0,926.0
3,1540.0,39.0,940.0
3,1556.0,16.0,956.0
3,1522.0,24.0,922.0
3,1039.0,52.0,639.0
3,2000.0,27.0,1200.0
3,2000.0,26.0,1200.0
3,905.0,95.0,545.0
3,1843.0,39.0,1123.0
3,1424.0,18.0,864.0
3,1848.0,28.0,1128.0
3,952.0,80.0,592.0
3,956.0,68.0,596.0
3,1210.0,42.0,730.0
3,2032.0,29.0,1232.0
2,1751.0,22.0,1071.0
2,722.0,19.0,442.0
2,1607.0,34.0,967.0
2,1050.0,25.0,650.0
2,1251.0,17.0,771.0
2,1810.0,26.0,1090.0
2,1255.0,22.0,775.0
2,1626.0,20.0,986.0
2,1058.0,30.0,658.0
2,1555.0,23.0,955.0
2,1046.0,36.0,646.0
2,1418.0,18.0,858.0
2,2016.0,20.0,1216.0
2,1355.0,15.0,835.0
2,1559.0,18.0,959.0
2,1248.0,23.0,768.0
2,2005.0,18.0,1205.0
2,1832.0,32.0,1112.0
2,1033.0,19.0,633.0
2,1756.0,45.0,1076.0
2,1759.0,31.0,1079.0
2,1415.0,31.0,855.0
2,1944.0,23.0,1184.0
2,846.0,23.0,526.0
2,1049.0,13.0,649.0
2,855.0,27.0,535.0
2,1245.0,19.0,765.0
2,1426.0,29.0,866.0
2,1610.0,22.0,970.0
2,1424.0,20.0,864.0
2,859.0,43.0,539.0
2,857.0,32.0,537.0
2,1423.0,24.0,863.0
2,1530.0,29.0,930.0
2,1306.0,19.0,786.0
2,845.0,21.0,525.0
2,715.0,23.0,435.0
2,1207.0,21.0,727.0
2,1134.0,19.0,694.0
2,1749.0,21.0,1069.0
2,1958.0,20.0,1198.0
2,855.0,26.0,535.0
2,1954.0,20.0,1194.0
2,945.0,20.0,585.0
2,1554.0,23.0,954.0
2,1101.0,34.0,661.0
2,1251.0,19.0,771.0
2,1804.0,25.0,1084.0
2,910.0,28.0,550.0
2,1110.0,25.0,670.0
2,1757.0,29.0,1077.0
2,1821.0,32.0,1101.0
2,1607.0,24.0,967.0
2,1715.0,16.0,1035.0
2,1025.0,18.0,625.0
2,1419.0,26.0,859.0
2,1804.0,25.0,1084.0
2,858.0,27.0,538.0
2,1414.0,17.0,854.0
2,1104.0,27.0,664.0
2,1532.0,21.0,932.0
2,844.0,33.0,524.0
2,1604.0,17.0,964.0
2,753.0,20.0,473.0
2,1055.0,24.0,655.0
2,732.0,16.0,452.0
2,1711.0,37.0,1031.0
2,913.0,23.0,553.0
2,1052.0,26.0,652.0
2,1752.0,16.0,1072.0
2,851.0,25.0,531.0
2,902.0,24.0,542.0
2,1805.0,54.0,1085.0
2,1834.0,35.0,1114.0
2,912.0,22.0,552.0
2,1823.0,26.0,1103.0
2,1658.0,16.0,1018.0
2,1746.0,16.0,1066.0
2,924.0,27.0,564.0
2,2016.0,11.0,1216.0
2,1600.0,39.0,960.0
2,1608.0,26.0,968.0
2,1030.0,29.0,630.0
2,1242.0,12.0,762.0
2,1802.0,14.0,1082.0
2,1033.0,25.0,633.0
2,1954.0,24.0,1194.0
2,1045.0,26.0,645.0
2,1301.0,24.0,781.0
2,1945.0,18.0,1185.0
2,650.0,17.0,410.0
2,647.0,22.0,407.0
2,1038.0,21.0,638.0
2,847.0,20.0,527.0
2,1816.0,30.0,1096.0
2,1807.0,17.0,1087.0
2,918.0,23.0,558.0
2,708.0,21.0,428.0
2,1029.0,17.0,629.0
2,1812.0,36.0,1092.0
2,1045.0,24.0,645.0
2,1356.0,21.0,836.0
2,1110.0,23.0,670.0
2,2011.0,15.0,1211.0
2,1807.0,16.0,1087.0
2,558.0,17.0,358.0
2,1352.0,14.0,832.0
2,1937.0,24.0,1177.0
2,1055.0,34.0,655.0
2,1427.0,31.0,867.0
2,848.0,24.0,528.0
2,2042.0,17.0,1242.0
2,1312.0,25.0,792.0
2,1806.0,47.0,1086.0
2,548.0,15.0,348.0
2,1427.0,21.0,867.0
2,1809.0,25.0,1089.0
2,1433.0,53.0,873.0
2,1049.0,23.0,649.0
2,704.0,19.0,424.0
2,1811.0,21.0,1091.0
2,1927.0,22.0,1167.0
2,1959.0,25.0,1199.0
2,854.0,27.0,534.0
2,1806.0,52.0,1086.0
2,1356.0,22.0,836.0
2,1752.0,22.0,1072.0
2,1032.0,21.0,632.0
2,658.0,19.0,418.0
2,726.0,19.0,446.0
2,905.0,32.0,545.0
2,1808.0,31.0,1088.0
2,1803.0,19.0,1083.0
2,754.0,44.0,474.0
2,1057.0,16.0,657.0
2,1411.0,19.0,851.0
2,1754.0,44.0,1074.0
2,1258.0,18.0,778.0
2,845.0,27.0,525.0
2,1422.0,20.0,862.0
2,1610.0,29.0,970.0
2,1936.0,21.0,1176.0
2,1558.0,22.0,958.0
2,1057.0,23.0,657.0
2,1357.0,59.0,837.0
2,943.0,24.0,583.0
2,1537.0,24.0,937.0
2,717.0,15.0,437.0
2,1327.0,21.0,807.0
2,1608.0,17.0,968.0
2,1101.0,42.0,661.0
2,1809.0,51.0,1089.0
2,1353.0,17.0,833.0
2,1252.0,21.0,772.0
2,1048.0,17.0,648.0
2,1815.0,36.0,1095.0
2,835.0,18.0,515.0
2,1239.0,22.0,759.0
2,1648.0,22.0,1008.0
2,553.0,19.0,353.0
2,2004.0,19.0,1204.0
2,1607.0,31.0,967.0
2,914.0,19.0,554.0
2,1543.0,23.0,943.0
2,839.0,22.0,519.0
2,855.0,24.0,535.0
2,908.0,23.0,548.0
2,1809.0,26.0,1089.0
2,1536.0,22.0,936.0
2,656.0,20.0,416.0
2,1307.0,33.0,787.0
2,2000.0,21.0,1200.0
2,1229.0,14.0,749.0
2,1733.0,16.0,1053.0
2,840.0,18.0,520.0
2,1034.0,20.0,634.0
2,1429.0,20.0,869.0
2,1528.0,23.0,928.0
2,903.0,22.0,543.0
2,1808.0,37.0,1088.0
2,1956.0,21.0,1196.0
2,1239.0,18.0,759.0
2,1950.0,20.0,1190.0
2,553.0,20.0,353.0
2,1428.0,31.0,868.0
2,1354.0,26.0,834.0
2,1605.0,31.0,965.0
2,740.0,16.0,460.0
2,1023.0,22.0,623.0
2,700.0,18.0,420.0
2,1244.0,15.0,764.0
2,1051.0,23.0,651.0
2,535.0,14.0,335.0
2,1813.0,37.0,1093.0
2,2002.0,18.0,1202.0
2,1615.0,26.0,975.0
2,1235.0,16.0,755.0
2,858.0,26.0,538.0
2,1254.0,28.0,774.0
2,840.0,28.0,520.0
2,1252.0,21.0,772.0
2,1031.0,24.0,631.0
2,1027.0,17.0,627.0
2,1531.0,18.0,931.0
2,1610.0,28.0,970.0
2,1033.0,33.0,633.0
2,1436.0,25.0,876.0
2,1543.0,24.0,943.0
2,1424.0,15.0,864.0
2,923.0,22.0,563.0
2,1931.0,18.0,1171.0
2,1948.0,19.0,1188.0
2,852.0,31.0,532.0
2,1814.0,38.0,1094.0
2,1257.0,31.0,777.0
2,1815.0,27.0,1095.0
2,707.0,17.0,427.0
2,901.0,29.0,541.0
2,919.0,28.0,559.0
2,1035.0,20.0,635.0
2,2016.0,23.0,1216.0
1,1844.0,29.0,1124.0
1,727.0,21.0,447.0
1,1615.0,26.0,975.0
1,1040.0,34.0,640.0
1,1254.0,20.0,774.0
1,1817.0,33.0,1097.0
1,2111.0,25.0,1271.0
1,1239.0,25.0,759.0
1,1616.0,15.0,976.0
1,1054.0,35.0,654.0
1,1610.0,17.0,970.0
1,1035.0,24.0,635.0
1,1414.0,17.0,854.0
1,2021.0,29.0,1221.0
1,1405.0,16.0,845.0
1,1607.0,17.0,967.0
1,1252.0,19.0,772.0
1,2008.0,82.0,1208.0
1,1953.0,26.0,1193.0
1,1813.0,32.0,1093.0
1,1038.0,26.0,638.0
1,1757.0,19.0,1077.0
1,2000.0,32.0,1200.0
1,1758.0,23.0,1078.0
1,1408.0,22.0,848.0
1,1957.0,31.0,1197.0
1,852.0,26.0,532.0
1,1051.0,22.0,651.0
1,1101.0,22.0,661.0
1,854.0,49.0,534.0
1,725.0,18.0,445.0
1,1435.0,20.0,875.0
1,1630.0,22.0,990.0
1,1430.0,22.0,870.0
1,738.0,20.0,458.0
1,856.0,26.0,536.0
1,2000.0,33.0,1200.0
1,855.0,32.0,535.0
1,1417.0,20.0,857.0
1,1243.0,24.0,763.0
1,849.0,24.0,529.0
1,714.0,22.0,434.0
1,1202.0,25.0,722.0
1,1156.0,28.0,716.0
1,1755.0,26.0,1075.0
1,2001.0,44.0,1201.0
1,725.0,16.0,445.0
1,857.0,45.0,537.0
1,1959.0,33.0,1199.0
1,914.0,42.0,554.0
1,1558.0,52.0,958.0
1,1057.0,27.0,657.0
1,1259.0,32.0,779.0
1,1807.0,48.0,1087.0
1,908.0,42.0,548.0
1,1113.0,34.0,673.0
1,1759.0,48.0,1079.0
1,1825.0,35.0,1105.0
1,918.0,24.0,558.0
1,1612.0,19.0,972.0
1,1717.0,17.0,1037.0
1,1643.0,20.0,1003.0
1,1042.0,25.0,642.0
1,1421.0,22.0,861.0
1,1806.0,20.0,1086.0
1,858.0,37.0,538.0
1,1417.0,16.0,857.0
1,1100.0,32.0,660.0
1,1527.0,31.0,927.0
1,704.0,19.0,424.0
1,849.0,27.0,529.0
1,1554.0,18.0,954.0
1,801.0,21.0,481.0
1,1044.0,36.0,644.0
1,723.0,22.0,443.0
1,1951.0,30.0,1191.0
1,1655.0,18.0,1015.0
1,954.0,22.0,594.0
1,1054.0,29.0,654.0
1,1757.0,21.0,1077.0
1,850.0,22.0,530.0
1,904.0,34.0,544.0
1,1803.0,35.0,1083.0
1,1820.0,33.0,1100.0
1,902.0,27.0,542.0
1,1825.0,32.0,1105.0
1,1650.0,19.0,1010.0
1,1751.0,23.0,1071.0
1,1550.0,17.0,950.0
1,924.0,25.0,564.0
1,2015.0,26.0,1215.0
1,1600.0,23.0,960.0
1,1155.0,24.0,715.0
1,1613.0,22.0,973.0
1,1955.0,24.0,1195.0
1,1047.0,32.0,647.0
1,1238.0,19.0,758.0
1,1815.0,30.0,1095.0
1,1032.0,23.0,632.0
1,1106.0,24.0,666.0
1,1302.0,23.0,782.0
1,1953.0,31.0,1193.0
1,655.0,33.0,415.0
1,1310.0,22.0,790.0
1,647.0,15.0,407.0
1,1044.0,26.0,644.0
1,845.0,17.0,525.0
1,842.0,14.0,522.0
1,1828.0,30.0,1108.0
1,1838.0,25.0,1118.0
1,919.0,22.0,559.0
1,713.0,18.0,433.0
1,1035.0,17.0,635.0
1,1818.0,43.0,1098.0
1,1053.0,28.0,653.0
1,1354.0,32.0,834.0
1,1833.0,31.0,1113.0
1,1106.0,24.0,666.0
1,1613.0,20.0,973.0
1,2012.0,26.0,1212.0
1,1854.0,20.0,1134.0
1,554.0,16.0,354.0
1,1349.0,18.0,829.0
1,1946.0,30.0,1186.0
1,1100.0,32.0,660.0
1,1426.0,16.0,866.0
1,852.0,36.0,532.0
1,2003.0,28.0,1203.0
1,1311.0,25.0,791.0
1,1807.0,31.0,1087.0
1,553.0,23.0,353.0
1,1429.0,26.0,869.0
1,1757.0,31.0,1077.0
1,1443.0,23.0,883.0
1,1048.0,22.0,648.0
1,710.0,20.0,430.0
1,1817.0,31.0,1097.0
1,852.0,25.0,532.0
1,1807.0,26.0,1087.0
1,2056.0,20.0,1256.0
1,1359.0,27.0,839.0
1,1941.0,25.0,1181.0
1,1755.0,27.0,1075.0
1,1024.0,15.0,624.0
1,1749.0,25.0,1069.0
1,700.0,30.0,420.0
1,735.0,21.0,455.0
1,913.0,28.0,553.0
1,1816.0,26.0,1096.0
1,1806.0,26.0,1086.0
1,749.0,17.0,469.0
1,1109.0,20.0,669.0
1,1408.0,21.0,848.0
1,1758.0,44.0,1078.0
1,1256.0,19.0,776.0
1,847.0,17.0,527.0
1,1419.0,29.0,859.0
1,1613.0,22.0,973.0
1,1939.0,28.0,1179.0
1,1600.0,18.0,960.0
1,1058.0,28.0,658.0
1,1356.0,37.0,836.0
1,903.0,48.0,543.0
1,1956.0,34.0,1196.0
1,705.0,26.0,425.0
1,1339.0,19.0,819.0
1,735.0,21.0,455.0
1,1053.0,29.0,653.0
1,1808.0,22.0,1088.0
1,1352.0,25.0,832.0
1,1255.0,23.0,775.0
1,1104.0,26.0,664.0
1,1852.0,22.0,1132.0
1,845.0,14.0,525.0
1,1256.0,32.0,776.0
1,1237.0,22.0,757.0
1,1401.0,40.0,841.0
1,552.0,15.0,352.0
1,2013.0,29.0,1213.0
1,1611.0,21.0,971.0
1,911.0,35.0,551.0
1,1540.0,29.0,940.0
1,843.0,18.0,523.0
1,857.0,25.0,537.0
1,911.0,32.0,551.0
1,1814.0,40.0,1094.0
1,1534.0,16.0,934.0
1,656.0,20.0,416.0
1,1308.0,24.0,788.0
1,2018.0,35.0,1218.0
1,1234.0,24.0,754.0
1,1703.0,24.0,1023.0
1,1240.0,23.0,760.0
1,2124.0,20.0,1284.0
1,842.0,27.0,522.0
1,1047.0,21.0,647.0
1,1441.0,23.0,881.0
1,2120.0,20.0,1280.0
1,2103.0,24.0,1263.0
1,901.0,45.0,541.0
1,1815.0,33.0,1095.0
1,2000.0,43.0,1200.0
1,1238.0,18.0,758.0
1,2012.0,25.0,1212.0
1,1430.0,20.0,870.0
1,1351.0,19.0,831.0
1,1606.0,18.0,966.0
1,725.0,18.0,445.0
1,1032.0,20.0,632.0
1,708.0,20.0,428.0
1,1242.0,19.0,762.0
1,1054.0,34.0,654.0
1,535.0,28.0,335.0
1,1808.0,23.0,1088.0
1,2006.0,45.0,1206.0
1,1617.0,21.0,977.0
1,1238.0,28.0,758.0
1,900.0,23.0,540.0
1,1247.0,21.0,767.0
1,849.0,42.0,529.0
1,1344.0,16.0,824.0
1,1042.0,40.0,642.0
1,2023.0,29.0,1223.0
1,1106.0,27.0,666.0
1,1955.0,41.0,1195.0
1,1035.0,18.0,635.0
1,1515.0,23.0,915.0
1,1426.0,15.0,866.0
1,1107.0,25.0,667.0
1,922.0,31.0,562.0
1,1935.0,25.0,1175.0
1,1952.0,21.0,1192.0
1,854.0,42.0,534.0
1,1820.0,35.0,1100.0
1,1253.0,21.0,773.0
1,1814.0,26.0,1094.0
1,715.0,22.0,435.0
1,909.0,14.0,549.0
1,1124.0,20.0,684.0
1,1030.0,31.0,630.0
1,2037.0,21.0,1237.0
1,916.0,29.0,556.0
7,1748.0,67.0,1068.0
7,732.0,73.0,452.0
7,1611.0,34.0,971.0
7,1045.0,25.0,645.0
7,1307.0,25.0,787.0
7,1820.0,31.0,1100.0
7,2109.0,33.0,1269.0
7,1251.0,32.0,771.0
7,1801.0,29.0,1081.0
7,1115.0,23.0,675.0
7,1616.0,25.0,976.0
7,1054.0,41.0,654.0
7,1442.0,19.0,882.0
7,2031.0,25.0,1231.0
7,1501.0,23.0,901.0
7,1605.0,30.0,965.0
7,1258.0,20.0,778.0
7,2030.0,27.0,1230.0
7,2004.0,28.0,1204.0
7,1810.0,40.0,1090.0
7,1050.0,27.0,650.0
5,1841.0,36.0,1121.0
5,1307.0,29.0,787.0
5,703.0,22.0,423.0
5,1125.0,23.0,685.0
5,1635.0,25.0,995.0
5,1955.0,30.0,1195.0
5,1936.0,43.0,1176.0
5,1430.0,19.0,870.0
5,1356.0,23.0,836.0
5,914.0,37.0,554.0
5,707.0,20.0,427.0
5,2112.0,23.0,1272.0
5,703.0,17.0,423.0
5,1808.0,31.0,1088.0
5,2009.0,41.0,1209.0
5,1953.0,32.0,1193.0
5,1531.0,30.0,931.0
5,2221.0,19.0,1341.0
5,859.0,41.0,539.0
5,707.0,54.0,427.0
5,2000.0,36.0,1200.0
5,1316.0,37.0,796.0
5,1244.0,16.0,764.0
5,919.0,35.0,559.0
5,1942.0,19.0,1182.0
5,1242.0,32.0,762.0
5,1604.0,17.0,964.0
5,2130.0,25.0,1290.0
5,1117.0,23.0,677.0
5,1156.0,18.0,716.0
5,2105.0,26.0,1265.0
5,1028.0,21.0,628.0
5,1243.0,27.0,763.0
5,1533.0,15.0,933.0
5,1126.0,28.0,686.0
5,934.0,33.0,574.0
5,1639.0,16.0,999.0
5,1958.0,31.0,1198.0
5,856.0,32.0,536.0
5,1321.0,23.0,801.0
5,1812.0,34.0,1092.0
5,901.0,38.0,541.0
5,921.0,24.0,561.0
5,930.0,27.0,570.0
5,1050.0,26.0,650.0
5,2009.0,43.0,1209.0
5,2216.0,18.0,1336.0
5,919.0,30.0,559.0
4,1803.0,38.0,1083.0
4,1904.0,32.0,1144.0
4,1306.0,19.0,786.0
4,1824.0,41.0,1104.0
4,2157.0,20.0,1317.0
4,1257.0,29.0,777.0
4,1258.0,21.0,778.0
4,1053.0,54.0,653.0
4,1923.0,27.0,1163.0
4,1357.0,19.0,837.0
4,1037.0,27.0,637.0
4,1720.0,20.0,1040.0
4,555.0,23.0,355.0
4,2112.0,18.0,1272.0
4,859.0,18.0,539.0
4,2120.0,20.0,1280.0
4,713.0,26.0,433.0
4,1806.0,25.0,1086.0
4,1444.0,23.0,884.0
4,1753.0,19.0,1073.0
4,1233.0,19.0,753.0
4,1057.0,25.0,657.0
4,2137.0,27.0,1297.0
4,1804.0,29.0,1084.0
4,1750.0,17.0,1070.0
4,1242.0,19.0,762.0
4,1756.0,26.0,1076.0
4,2004.0,24.0,1204.0
4,1654.0,29.0,1014.0
4,1957.0,28.0,1197.0
4,1040.0,27.0,640.0
4,2230.0,38.0,1350.0
4,1428.0,21.0,868.0
4,2047.0,21.0,1247.0
4,708.0,27.0,428.0
4,1813.0,42.0,1093.0
4,910.0,29.0,550.0
4,1359.0,54.0,839.0
4,902.0,21.0,542.0
4,1420.0,30.0,860.0
4,1240.0,16.0,760.0
4,710.0,22.0,430.0
4,2233.0,12.0,1353.0
4,541.0,19.0,341.0
4,1426.0,24.0,866.0
4,1554.0,19.0,954.0
4,1126.0,25.0,686.0
4,2118.0,23.0,1278.0
4,1550.0,17.0,950.0
4,600.0,21.0,360.0
4,1055.0,51.0,655.0
4,1620.0,21.0,980.0
4,1836.0,35.0,1116.0
4,920.0,34.0,560.0
4,1044.0,24.0,644.0
4,1802.0,17.0,1082.0
4,903.0,40.0,543.0
4,743.0,58.0,463.0
4,726.0,22.0,446.0
4,2157.0,21.0,1317.0
4,711.0,25.0,431.0
4,856.0,26.0,536.0
4,1602.0,19.0,962.0
4,801.0,55.0,481.0
4,852.0,21.0,532.0
4,1556.0,22.0,956.0
4,2012.0,21.0,1212.0
4,1050.0,22.0,650.0
4,1618.0,43.0,978.0
4,1957.0,31.0,1197.0
4,1518.0,16.0,918.0
4,921.0,25.0,561.0
4,735.0,70.0,455.0
4,1109.0,29.0,669.0
4,1815.0,37.0,1095.0
4,1943.0,23.0,1183.0
4,903.0,26.0,543.0
4,931.0,22.0,571.0
4,1814.0,56.0,1094.0
4,1818.0,29.0,1098.0
4,707.0,19.0,427.0
4,2219.0,42.0,1339.0
4,1611.0,21.0,971.0
4,1617.0,21.0,977.0
4,952.0,50.0,592.0
4,2038.0,23.0,1238.0
4,1602.0,22.0,962.0
4,1947.0,18.0,1187.0
4,1752.0,50.0,1072.0
4,1033.0,26.0,633.0
4,1052.0,27.0,652.0
4,1959.0,18.0,1199.0
4,1104.0,28.0,664.0
4,2034.0,24.0,1234.0
4,657.0,18.0,417.0
4,1312.0,21.0,792.0
4,614.0,29.0,374.0
4,1056.0,18.0,656.0
4,907.0,20.0,547.0
4,904.0,22.0,544.0
4,1836.0,41.0,1116.0
4,1055.0,20.0,655.0
4,1806.0,59.0,1086.0
4,1407.0,19.0,847.0
4,1605.0,22.0,965.0
4,1830.0,43.0,1110.0
4,718.0,22.0,438.0
4,1031.0,19.0,631.0
4,1754.0,17.0,1074.0
4,1350.0,22.0,830.0
4,2033.0,17.0,1233.0
4,603.0,21.0,363.0
4,2007.0,47.0,1207.0
4,2152.0,24.0,1312.0
4,2011.0,27.0,1211.0
4,1159.0,19.0,719.0
4,1450.0,23.0,890.0
4,1846.0,32.0,1126.0
4,1442.0,30.0,882.0
4,1819.0,37.0,1099.0
4,1953.0,29.0,1193.0
4,1553.0,17.0,953.0
4,1843.0,36.0,1123.0
4,1413.0,28.0,853.0
4,1429.0,35.0,869.0
4,702.0,24.0,422.0
4,900.0,37.0,540.0
4,1808.0,38.0,1088.0
4,659.0,16.0,419.0
4,912.0,19.0,552.0
4,1814.0,56.0,1094.0
4,1252.0,16.0,772.0
4,1418.0,28.0,858.0
4,1759.0,50.0,1079.0
4,1300.0,38.0,780.0
4,1100.0,34.0,660.0
4,1046.0,21.0,646.0
4,1755.0,23.0,1075.0
4,708.0,22.0,428.0
4,2131.0,17.0,1291.0
4,1135.0,21.0,695.0
4,1103.0,19.0,663.0
4,727.0,17.0,447.0
4,851.0,18.0,531.0
4,2149.0,25.0,1309.0
4,911.0,36.0,551.0
4,1623.0,30.0,983.0
4,1255.0,25.0,775.0
4,1126.0,20.0,686.0
4,2018.0,23.0,1218.0
4,847.0,21.0,527.0
4,1325.0,28.0,805.0
4,1305.0,40.0,785.0
4,2145.0,18.0,1305.0
4,1100.0,28.0,660.0
4,1040.0,37.0,640.0
4,2019.0,30.0,1219.0
4,1810.0,51.0,1090.0
4,1809.0,31.0,1089.0
4,1803.0,35.0,1083.0
4,1410.0,27.0,850.0
4,911.0,37.0,551.0
4,1110.0,39.0,670.0
4,1410.0,18.0,850.0
4,2017.0,23.0,1217.0
4,2140.0,18.0,1300.0
4,1553.0,17.0,953.0
4,844.0,20.0,524.0
4,902.0,27.0,542.0
4,2203.0,17.0,1323.0
4,707.0,17.0,427.0
4,1116.0,17.0,676.0
4,1410.0,42.0,850.0
4,2034.0,25.0,1234.0
4,720.0,25.0,440.0
4,1418.0,25.0,858.0
4,1434.0,27.0,874.0
4,2220.0,44.0,1340.0
4,2000.0,22.0,1200.0
4,857.0,35.0,537.0
4,1954.0,24.0,1194.0
4,1306.0,27.0,786.0
4,1112.0,19.0,672.0
4,1624.0,23.0,984.0
4,1955.0,24.0,1195.0
4,1624.0,28.0,984.0
4,1430.0,20.0,870.0
4,1358.0,21.0,838.0
4,923.0,37.0,563.0
4,706.0,19.0,426.0
4,2114.0,21.0,1274.0
4,1802.0,38.0,1082.0
4,2042.0,30.0,1242.0
4,2007.0,29.0,1207.0
4,1532.0,17.0,932.0
4,2026.0,31.0,1226.0
4,919.0,24.0,559.0
4,909.0,29.0,549.0
4,2021.0,28.0,1221.0
4,1309.0,26.0,789.0
4,1350.0,19.0,830.0
4,922.0,34.0,562.0
4,1943.0,19.0,1183.0
4,1247.0,20.0,767.0
4,1557.0,22.0,957.0
4,2129.0,24.0,1289.0
4,1113.0,40.0,673.0
4,1220.0,15.0,740.0
4,2112.0,22.0,1272.0
4,1058.0,42.0,658.0
4,1244.0,19.0,764.0
4,1431.0,30.0,871.0
4,1051.0,45.0,651.0
4,936.0,40.0,576.0
4,1607.0,24.0,967.0
4,2008.0,34.0,1208.0
4,915.0,29.0,555.0
4,1326.0,30.0,806.0
4,1902.0,32.0,1142.0
4,856.0,18.0,536.0
4,907.0,51.0,547.0
4,933.0,24.0,573.0
4,1152.0,35.0,712.0
4,2008.0,31.0,1208.0
4,2117.0,21.0,1277.0
4,915.0,36.0,555.0
7,927.0,78.0,567.0
7,1849.0,41.0,1129.0
7,655.0,24.0,415.0
7,1319.0,19.0,799.0
7,2202.0,27.0,1322.0
7,853.0,53.0,533.0
7,1100.0,105.0,660.0
7,1437.0,20.0,877.0
7,2350.0,28.0,1430.0
7,1258.0,25.0,778.0
7,2118.0,24.0,1278.0
7,1245.0,70.0,765.0
7,2008.0,33.0,1208.0
7,558.0,25.0,358.0
7,1704.0,16.0,1024.0
7,739.0,39.0,459.0
7,1306.0,28.0,786.0
7,538.0,39.0,338.0
7,2355.0,19.0,1435.0
7,1653.0,25.0,1013.0
7,1325.0,57.0,805.0
7,904.0,99.0,544.0
7,1435.0,18.0,875.0
7,949.0,38.0,589.0
7,1302.0,34.0,782.0
7,1126.0,27.0,686.0
7,2043.0,42.0,1243.0
7,1628.0,33.0,988.0
7,2111.0,27.0,1271.0
7,1045.0,41.0,645.0
7,1701.0,22.0,1021.0
7,1540.0,32.0,940.0
7,1156.0,53.0,716.0
7,937.0,51.0,577.0
7,1951.0,27.0,1191.0
7,1901.0,34.0,1141.0
7,713.0,72.0,433.0
7,913.0,96.0,553.0
7,1044.0,43.0,644.0
7,1202.0,53.0,722.0
7,2216.0,21.0,1336.0
7,1023.0,38.0,623.0
6,815.0,31.0,495.0
6,1613.0,22.0,973.0
6,1040.0,21.0,640.0
6,1325.0,25.0,805.0
6,1843.0,28.0,1123.0
6,2136.0,29.0,1296.0
6,1245.0,27.0,765.0
6,1616.0,35.0,976.0
6,1600.0,15.0,960.0
6,1102.0,37.0,662.0
6,1422.0,21.0,862.0
6,2027.0,39.0,1227.0
6,1356.0,26.0,836.0
6,1615.0,34.0,975.0
6,1321.0,27.0,801.0
6,2107.0,29.0,1267.0
6,1903.0,37.0,1143.0
6,1127.0,28.0,687.0
6,1758.0,49.0,1078.0
6,2207.0,23.0,1327.0
6,1845.0,34.0,1125.0
6,844.0,20.0,524.0
6,1258.0,20.0,778.0
6,1624.0,17.0,984.0
6,1549.0,22.0,949.0
6,744.0,29.0,464.0
6,859.0,36.0,539.0
6,904.0,32.0,544.0
6,1412.0,27.0,852.0
6,718.0,26.0,438.0
6,1115.0,13.0,675.0
6,1808.0,22.0,1088.0
6,2027.0,23.0,1227.0
6,918.0,48.0,558.0
6,915.0,23.0,555.0
6,1552.0,20.0,952.0
6,1108.0,22.0,668.0
6,1256.0,18.0,776.0
6,950.0,27.0,590.0
6,1122.0,37.0,682.0
6,1810.0,29.0,1090.0
6,1925.0,34.0,1165.0
6,940.0,20.0,580.0
6,1609.0,24.0,969.0
6,1045.0,16.0,645.0
6,1403.0,22.0,843.0
6,1831.0,79.0,1111.0
6,931.0,57.0,571.0
6,1419.0,20.0,859.0
6,1126.0,23.0,686.0
6,1602.0,15.0,962.0
6,1338.0,20.0,818.0
6,1611.0,35.0,971.0
6,758.0,23.0,478.0
6,1113.0,33.0,673.0
6,1855.0,29.0,1135.0
6,952.0,11.0,592.0
6,1115.0,25.0,675.0
6,1855.0,30.0,1135.0
6,1634.0,17.0,994.0
6,901.0,20.0,541.0
6,959.0,16.0,599.0
6,1913.0,68.0,1153.0
6,1749.0,28.0,1069.0
6,936.0,23.0,576.0
6,2158.0,27.0,1318.0
6,1639.0,14.0,999.0
6,1610.0,13.0,970.0
6,1044.0,19.0,644.0
6,1254.0,29.0,774.0
6,1850.0,26.0,1130.0
6,1033.0,17.0,633.0
6,1058.0,22.0,658.0
6,1401.0,31.0,841.0
6,2005.0,59.0,1205.0
6,723.0,20.0,443.0
6,1322.0,25.0,802.0
6,650.0,21.0,410.0
6,1100.0,19.0,660.0
6,1052.0,28.0,652.0
6,842.0,19.0,522.0
6,933.0,20.0,573.0
6,712.0,20.0,432.0
6,1207.0,16.0,727.0
6,2030.0,26.0,1230.0
6,1401.0,23.0,841.0
6,1126.0,17.0,686.0
6,1825.0,28.0,1105.0
6,558.0,18.0,358.0
6,1257.0,22.0,777.0
6,900.0,22.0,540.0
6,2013.0,25.0,1213.0
6,737.0,17.0,457.0
6,1504.0,14.0,904.0
6,1112.0,29.0,672.0
6,710.0,25.0,430.0
6,1823.0,22.0,1103.0
6,919.0,23.0,559.0
6,1814.0,44.0,1094.0
6,2018.0,18.0,1218.0
6,1112.0,14.0,672.0
6,703.0,22.0,423.0
6,1150.0,17.0,710.0
6,1810.0,27.0,1090.0
6,1941.0,25.0,1181.0
6,1426.0,20.0,866.0
6,1312.0,26.0,792.0
6,849.0,18.0,529.0
6,1435.0,31.0,875.0
6,1616.0,40.0,976.0
6,1645.0,13.0,1005.0
6,1210.0,18.0,730.0
6,1437.0,13.0,877.0
6,902.0,23.0,542.0
6,2025.0,29.0,1225.0
6,740.0,32.0,460.0
6,2042.0,27.0,1242.0
6,1634.0,18.0,994.0
6,1138.0,25.0,698.0
6,1749.0,21.0,1069.0
6,1300.0,19.0,780.0
6,1053.0,18.0,653.0
6,1852.0,30.0,1132.0
6,913.0,26.0,553.0
6,1244.0,23.0,764.0
6,1244.0,19.0,764.0
6,1605.0,25.0,965.0
6,2211.0,31.0,1331.0
6,924.0,19.0,564.0
6,1357.0,21.0,837.0
6,856.0,30.0,536.0
6,927.0,59.0,567.0
6,926.0,31.0,566.0
6,1827.0,24.0,1107.0
6,656.0,19.0,416.0
6,1309.0,31.0,789.0
6,2014.0,19.0,1214.0
6,1142.0,19.0,702.0
6,1113.0,25.0,673.0
6,1423.0,22.0,863.0
6,2222.0,23.0,1342.0
6,907.0,32.0,547.0
6,1834.0,22.0,1114.0
6,2058.0,17.0,1258.0
6,2025.0,27.0,1225.0
6,556.0,18.0,356.0
6,1430.0,22.0,870.0
6,1402.0,24.0,842.0
6,1614.0,32.0,974.0
6,1011.0,20.0,611.0
6,1045.0,19.0,645.0
6,705.0,25.0,425.0
6,1324.0,27.0,804.0
6,1113.0,43.0,673.0
6,532.0,23.0,332.0
6,1851.0,27.0,1131.0
6,22.0,25.0,22.0
6,1616.0,24.0,976.0
6,1244.0,20.0,764.0
6,923.0,32.0,563.0
6,1318.0,29.0,798.0
6,914.0,23.0,554.0
6,1252.0,30.0,772.0
6,1038.0,21.0,638.0
6,2035.0,28.0,1235.0
6,1034.0,25.0,634.0
6,1358.0,26.0,838.0
6,2057.0,17.0,1257.0
6,1039.0,24.0,639.0
6,1511.0,15.0,911.0
6,1537.0,14.0,937.0
6,1430.0,35.0,870.0
6,1137.0,20.0,697.0
6,704.0,14.0,424.0
6,946.0,22.0,586.0
6,1319.0,28.0,799.0
6,1826.0,48.0,1106.0
6,948.0,23.0,588.0
6,936.0,24.0,576.0
6,1043.0,21.0,643.0
6,24.0,22.0,24.0
6,1131.0,23.0,691.0
6,1154.0,20.0,714.0
5,1903.0,20.0,1143.0
5,742.0,21.0,462.0
5,1614.0,35.0,974.0
5,1057.0,23.0,657.0
5,1301.0,25.0,781.0
5,1819.0,25.0,1099.0
5,2117.0,24.0,1277.0
5,1325.0,32.0,805.0
5,1622.0,16.0,982.0
5,1122.0,35.0,682.0
5,1602.0,22.0,962.0
5,1039.0,19.0,639.0
5,1414.0,38.0,854.0
5,2029.0,21.0,1229.0
5,1358.0,17.0,838.0
5,1730.0,18.0,1050.0
5,1249.0,18.0,769.0
5,2011.0,25.0,1211.0
5,2000.0,23.0,1200.0
5,1821.0,36.0,1101.0
5,1126.0,22.0,686.0
5,1805.0,26.0,1085.0
5,2342.0,22.0,1422.0
5,1807.0,29.0,1087.0
5,1429.0,34.0,869.0
5,2012.0,20.0,1212.0
5,1014.0,17.0,614.0
5,1113.0,25.0,673.0
5,1118.0,79.0,678.0
5,859.0,20.0,539.0
5,1326.0,18.0,806.0
5,710.0,27.0,430.0
5,1440.0,20.0,880.0
5,1614.0,32.0,974.0
5,1429.0,22.0,869.0
5,715.0,18.0,435.0
5,911.0,18.0,551.0
5,2007.0,21.0,1207.0
5,924.0,18.0,564.0
5,1425.0,25.0,865.0
5,1243.0,26.0,763.0
5,931.0,19.0,571.0
5,722.0,18.0,442.0
5,1211.0,23.0,731.0
5,1204.0,38.0,724.0
5,1956.0,24.0,1196.0
5,1958.0,20.0,1198.0
5,704.0,24.0,424.0
5,918.0,25.0,558.0
5,2216.0,26.0,1336.0
5,1051.0,19.0,651.0
5,1552.0,26.0,952.0
5,1130.0,19.0,690.0
5,1258.0,20.0,778.0
5,1818.0,38.0,1098.0
5,919.0,21.0,559.0
5,1142.0,21.0,702.0
5,1758.0,28.0,1078.0
5,1824.0,37.0,1104.0
5,1005.0,20.0,605.0
5,1609.0,46.0,969.0
5,1720.0,18.0,1040.0
5,1607.0,21.0,967.0
5,1044.0,19.0,644.0
5,1426.0,21.0,866.0
5,1822.0,43.0,1102.0
5,907.0,25.0,547.0
5,1420.0,28.0,860.0
5,1134.0,21.0,694.0
5,1534.0,45.0,934.0
5,708.0,21.0,428.0
5,927.0,33.0,567.0
5,1555.0,41.0,955.0
5,809.0,19.0,489.0
5,1117.0,23.0,677.0
5,749.0,20.0,469.0
5,2024.0,53.0,1224.0
5,1643.0,24.0,1003.0
5,1024.0,22.0,624.0
5,1114.0,35.0,674.0
5,1806.0,31.0,1086.0
5,1642.0,22.0,1002.0
5,933.0,25.0,573.0
5,905.0,30.0,545.0
5,1822.0,27.0,1102.0
5,1833.0,37.0,1113.0
5,935.0,16.0,575.0
5,1822.0,40.0,1102.0
5,1643.0,27.0,1003.0
5,1746.0,16.0,1066.0
5,1546.0,21.0,946.0
5,1008.0,31.0,608.0
5,2051.0,23.0,1251.0
5,1821.0,31.0,1101.0
5,1202.0,18.0,722.0
5,1612.0,23.0,972.0
5,1956.0,22.0,1196.0
5,1045.0,30.0,645.0
5,1246.0,16.0,766.0
5,2106.0,20.0,1266.0
5,1108.0,25.0,668.0
5,2006.0,20.0,1206.0
5,1120.0,22.0,680.0
5,1318.0,16.0,798.0
5,2015.0,57.0,1215.0
5,654.0,24.0,414.0
5,1310.0,28.0,790.0
5,1040.0,17.0,640.0
5,1052.0,22.0,652.0
5,921.0,17.0,561.0
5,839.0,21.0,519.0
5,1835.0,29.0,1115.0
5,1821.0,34.0,1101.0
5,1048.0,17.0,648.0
5,706.0,23.0,426.0
5,1106.0,18.0,666.0
5,1814.0,25.0,1094.0
5,1239.0,21.0,759.0
5,2010.0,25.0,1210.0
5,1352.0,19.0,832.0
5,1122.0,26.0,682.0
5,1610.0,34.0,970.0
5,1909.0,21.0,1149.0
5,600.0,20.0,360.0
5,1351.0,21.0,831.0
5,1950.0,21.0,1190.0
5,1151.0,21.0,711.0
5,1426.0,18.0,866.0
5,850.0,22.0,530.0
5,2030.0,17.0,1230.0
5,1331.0,25.0,811.0
5,1804.0,37.0,1084.0
5,550.0,15.0,350.0
5,1705.0,23.0,1025.0
5,1822.0,32.0,1102.0
5,1501.0,19.0,901.0
5,1115.0,26.0,675.0
5,744.0,23.0,464.0
5,1816.0,22.0,1096.0
5,2015.0,42.0,1215.0
5,1223.0,26.0,743.0
5,1819.0,47.0,1099.0
5,2143.0,20.0,1303.0
5,1359.0,19.0,839.0
5,2004.0,36.0,1204.0
5,1802.0,27.0,1082.0
5,1042.0,18.0,642.0
5,1758.0,27.0,1078.0
5,659.0,18.0,419.0
5,739.0,20.0,459.0
5,928.0,43.0,568.0
5,1804.0,47.0,1084.0
5,1810.0,35.0,1090.0
5,759.0,21.0,479.0
5,1118.0,17.0,678.0
5,1416.0,28.0,856.0
5,1857.0,44.0,1137.0
5,1328.0,39.0,808.0
5,848.0,19.0,528.0
5,1425.0,23.0,865.0
5,1612.0,23.0,972.0
5,1645.0,30.0,1005.0
5,1104.0,23.0,664.0
5,1402.0,26.0,842.0
5,915.0,25.0,555.0
5,1956.0,22.0,1196.0
5,708.0,23.0,428.0
5,1359.0,23.0,839.0
5,746.0,22.0,466.0
5,1958.0,40.0,1198.0
5,1618.0,27.0,978.0
5,1215.0,17.0,735.0
5,1828.0,39.0,1108.0
5,1354.0,16.0,834.0
5,1422.0,22.0,862.0
5,1123.0,19.0,683.0
5,1850.0,28.0,1130.0
5,908.0,22.0,548.0
5,1301.0,21.0,781.0
5,1245.0,19.0,765.0
5,1407.0,20.0,847.0
5,555.0,56.0,355.0
5,2103.0,30.0,1263.0
5,1045.0,17.0,645.0
5,1543.0,19.0,943.0
5,903.0,31.0,543.0
5,926.0,17.0,566.0
5,929.0,15.0,569.0
5,1813.0,47.0,1093.0
5,1543.0,35.0,943.0
5,659.0,28.0,419.0
5,1303.0,20.0,783.0
5,2058.0,33.0,1258.0
5,1232.0,22.0,752.0
5,1806.0,37.0,1086.0
5,855.0,19.0,535.0
5,1117.0,15.0,677.0
5,1434.0,38.0,874.0
5,2133.0,28.0,1293.0
5,2151.0,26.0,1311.0
5,1217.0,24.0,737.0
5,1828.0,44.0,1108.0
5,2001.0,17.0,1201.0
5,1239.0,18.0,759.0
5,2030.0,26.0,1230.0
5,559.0,37.0,359.0
5,1435.0,20.0,875.0
5,1425.0,23.0,865.0
5,1606.0,17.0,966.0
5,739.0,20.0,459.0
5,1034.0,16.0,634.0
5,702.0,28.0,422.0
5,1247.0,13.0,767.0
5,1122.0,23.0,682.0
5,537.0,19.0,337.0
5,1809.0,35.0,1089.0
5,2012.0,18.0,1212.0
5,1639.0,24.0,999.0
5,1243.0,21.0,763.0
5,913.0,19.0,553.0
5,1301.0,20.0,781.0
5,907.0,18.0,547.0
5,1254.0,26.0,774.0
5,1217.0,25.0,737.0
5,2037.0,35.0,1237.0
5,1120.0,24.0,680.0
5,1538.0,15.0,938.0
5,1958.0,26.0,1198.0
5,1045.0,21.0,645.0
5,1453.0,20.0,893.0
5,1435.0,30.0,875.0
5,1134.0,24.0,694.0
5,958.0,46.0,598.0
5,1942.0,33.0,1182.0
5,1950.0,21.0,1190.0
5,858.0,47.0,538.0
5,1950.0,29.0,1190.0
5,1333.0,26.0,813.0
5,1812.0,33.0,1092.0
5,711.0,20.0,431.0
5,1017.0,30.0,617.0
5,959.0,20.0,599.0
5,1050.0,14.0,650.0
5,2016.0,26.0,1216.0
5,1003.0,33.0,603.0
4,1750.0,16.0,1070.0
4,723.0,18.0,443.0
4,1611.0,32.0,971.0
4,1036.0,35.0,636.0
4,1253.0,33.0,773.0
4,1820.0,28.0,1100.0
4,2111.0,28.0,1271.0
4,1243.0,19.0,763.0
4,1615.0,26.0,975.0
4,1051.0,29.0,651.0
4,1559.0,26.0,959.0
4,1035.0,21.0,635.0
4,1417.0,26.0,857.0
4,2020.0,21.0,1220.0
4,1403.0,36.0,843.0
4,1609.0,20.0,969.0
4,1244.0,19.0,764.0
4,2017.0,28.0,1217.0
4,2009.0,23.0,1209.0
4,1812.0,37.0,1092.0
4,1039.0,23.0,639.0
4,1801.0,19.0,1081.0
4,1956.0,36.0,1196.0
4,1809.0,31.0,1089.0
4,1407.0,22.0,847.0
4,1950.0,25.0,1190.0
4,848.0,36.0,528.0
4,1051.0,36.0,651.0
4,1058.0,38.0,658.0
4,900.0,22.0,540.0
4,1252.0,24.0,772.0
4,710.0,35.0,430.0
4,1437.0,25.0,877.0
4,1617.0,24.0,977.0
4,1429.0,23.0,869.0
4,709.0,35.0,429.0
4,857.0,22.0,537.0
4,2012.0,16.0,1212.0
4,902.0,19.0,542.0
4,1416.0,24.0,856.0
4,1246.0,21.0,766.0
4,1011.0,17.0,611.0
4,713.0,18.0,433.0
4,1201.0,17.0,721.0
4,1109.0,17.0,669.0
4,1805.0,58.0,1085.0
4,2030.0,25.0,1230.0
4,710.0,19.0,430.0
4,856.0,22.0,536.0
4,2018.0,17.0,1218.0
4,910.0,21.0,550.0
4,1554.0,25.0,954.0
4,1102.0,33.0,662.0
4,1255.0,26.0,775.0
4,1804.0,28.0,1084.0
4,910.0,24.0,550.0
4,1117.0,30.0,677.0
4,1757.0,70.0,1077.0
4,1837.0,42.0,1117.0
4,933.0,23.0,573.0
4,1627.0,27.0,987.0
4,1725.0,19.0,1045.0
4,1558.0,24.0,958.0
4,1050.0,16.0,650.0
4,1424.0,27.0,864.0
4,1808.0,13.0,1088.0
4,907.0,25.0,547.0
4,1422.0,23.0,862.0
4,1059.0,25.0,659.0
4,1535.0,16.0,935.0
4,851.0,42.0,531.0
4,1548.0,18.0,948.0
4,755.0,20.0,475.0
4,1059.0,31.0,659.0
4,726.0,26.0,446.0
4,2000.0,25.0,1200.0
4,1656.0,19.0,1016.0
4,956.0,22.0,596.0
4,1050.0,28.0,650.0
4,1946.0,21.0,1186.0
4,1620.0,30.0,980.0
4,848.0,20.0,528.0
4,911.0,27.0,551.0
4,1804.0,26.0,1084.0
4,1801.0,21.0,1081.0
4,857.0,19.0,537.0
4,1828.0,53.0,1108.0
4,1642.0,23.0,1002.0
4,1826.0,30.0,1106.0
4,1553.0,27.0,953.0
4,925.0,20.0,565.0
4,2025.0,21.0,1225.0
4,1616.0,43.0,976.0
4,1155.0,28.0,715.0
4,1605.0,32.0,965.0
4,2022.0,23.0,1222.0
4,1037.0,40.0,637.0
4,1259.0,34.0,779.0
4,1807.0,32.0,1087.0
4,1031.0,14.0,631.0
4,1959.0,25.0,1199.0
4,1049.0,33.0,649.0
4,1304.0,25.0,784.0
4,2000.0,14.0,1200.0
4,658.0,19.0,418.0
4,1306.0,35.0,786.0
4,639.0,19.0,399.0
4,1045.0,38.0,645.0
4,850.0,22.0,530.0
4,842.0,16.0,522.0
4,1837.0,55.0,1117.0
4,1814.0,39.0,1094.0
4,943.0,21.0,583.0
4,705.0,19.0,425.0
4,1053.0,42.0,653.0
4,1821.0,62.0,1101.0
4,1045.0,28.0,645.0
4,2013.0,36.0,1213.0
4,1538.0,17.0,938.0
4,1108.0,21.0,668.0
4,1736.0,21.0,1056.0
4,2040.0,20.0,1240.0
4,1930.0,24.0,1170.0
4,555.0,22.0,355.0
4,1358.0,16.0,838.0
4,1948.0,31.0,1188.0
4,1105.0,38.0,665.0
4,1453.0,16.0,893.0
4,1016.0,21.0,616.0
4,2147.0,20.0,1307.0
4,1314.0,39.0,794.0
4,1825.0,32.0,1105.0
4,556.0,24.0,356.0
4,1434.0,22.0,874.0
4,1810.0,27.0,1090.0
4,1437.0,22.0,877.0
4,1050.0,26.0,650.0
4,707.0,28.0,427.0
4,1808.0,40.0,1088.0
4,2037.0,20.0,1237.0
4,854.0,20.0,534.0
4,1847.0,28.0,1127.0
4,2105.0,28.0,1265.0
4,1359.0,68.0,839.0
4,1942.0,22.0,1182.0
4,1759.0,24.0,1079.0
4,1031.0,13.0,631.0
4,1755.0,24.0,1075.0
4,703.0,31.0,423.0
4,731.0,28.0,451.0
4,1232.0,21.0,752.0
4,1809.0,65.0,1089.0
4,1811.0,39.0,1091.0
4,752.0,22.0,472.0
4,1105.0,16.0,665.0
4,1411.0,24.0,851.0
4,1806.0,27.0,1086.0
4,1301.0,22.0,781.0
4,849.0,25.0,529.0
4,1425.0,22.0,865.0
4,1617.0,23.0,977.0
4,1941.0,22.0,1181.0
4,1604.0,34.0,964.0
4,1100.0,34.0,660.0
4,1416.0,33.0,856.0
4,859.0,21.0,539.0
4,2028.0,17.0,1228.0
4,749.0,19.0,469.0
4,1338.0,20.0,818.0
4,948.0,26.0,588.0
4,1614.0,39.0,974.0
4,1059.0,32.0,659.0
4,1924.0,14.0,1164.0
4,1409.0,27.0,849.0
4,1301.0,27.0,781.0
4,1050.0,38.0,650.0
4,1820.0,49.0,1100.0
4,849.0,24.0,529.0
4,1243.0,20.0,763.0
4,1245.0,20.0,765.0
4,1358.0,24.0,838.0
4,547.0,22.0,347.0
4,2024.0,26.0,1224.0
4,930.0,35.0,570.0
4,1545.0,20.0,945.0
4,846.0,19.0,526.0
4,855.0,24.0,535.0
4,908.0,35.0,548.0
4,1812.0,43.0,1092.0
4,1532.0,15.0,932.0
4,656.0,19.0,416.0
4,1307.0,28.0,787.0
4,2006.0,20.0,1206.0
4,1259.0,15.0,779.0
4,1702.0,19.0,1022.0
4,844.0,19.0,524.0
4,1044.0,25.0,644.0
4,1415.0,25.0,855.0
4,2201.0,21.0,1321.0
4,2111.0,27.0,1271.0
4,858.0,22.0,538.0
4,1816.0,36.0,1096.0
4,2031.0,32.0,1231.0
4,1304.0,33.0,784.0
4,2017.0,26.0,1217.0
4,1425.0,18.0,865.0
4,1356.0,31.0,836.0
4,1619.0,29.0,979.0
4,730.0,17.0,450.0
4,1036.0,23.0,636.0
4,707.0,29.0,427.0
4,1240.0,16.0,760.0
4,1049.0,32.0,649.0
4,532.0,18.0,332.0
4,1822.0,38.0,1102.0
4,2026.0,18.0,1226.0
4,1632.0,37.0,992.0
4,1237.0,27.0,757.0
4,858.0,20.0,538.0
4,1321.0,23.0,801.0
4,845.0,32.0,525.0
4,1250.0,19.0,770.0
4,1048.0,35.0,648.0
4,2004.0,18.0,1204.0
4,1056.0,40.0,656.0
4,1536.0,19.0,936.0
4,2001.0,16.0,1201.0
4,1039.0,28.0,639.0
4,1442.0,26.0,882.0
4,1500.0,17.0,900.0
4,1105.0,28.0,665.0
4,927.0,21.0,567.0
4,2039.0,31.0,1239.0
4,1956.0,20.0,1196.0
4,850.0,17.0,530.0
4,1818.0,29.0,1098.0
4,1305.0,28.0,785.0
4,1811.0,43.0,1091.0
4,706.0,14.0,426.0
4,916.0,16.0,556.0
4,928.0,23.0,568.0
4,1040.0,24.0,640.0
4,2032.0,21.0,1232.0
4,930.0,28.0,570.0
3,1755.0,27.0,1075.0
3,730.0,49.0,450.0
3,1614.0,22.0,974.0
3,1052.0,22.0,652.0
3,1302.0,26.0,782.0
3,1829.0,33.0,1109.0
3,1243.0,23.0,763.0
3,1606.0,32.0,966.0
7,1758.0,24.0,1078.0
7,2004.0,20.0,1204.0
7,1810.0,38.0,1090.0
7,1422.0,23.0,862.0
7,2007.0,32.0,1207.0
7,854.0,24.0,534.0
7,1054.0,26.0,654.0
7,1059.0,38.0,659.0
7,852.0,19.0,532.0
7,1251.0,23.0,771.0
7,709.0,21.0,429.0
7,1428.0,20.0,868.0
7,1615.0,51.0,975.0
7,1433.0,26.0,873.0
7,707.0,19.0,427.0
7,901.0,25.0,541.0
7,2000.0,26.0,1200.0
7,900.0,23.0,540.0
7,1422.0,15.0,862.0
7,1249.0,25.0,769.0
7,851.0,26.0,531.0
7,714.0,17.0,434.0
7,1208.0,16.0,728.0
7,1107.0,36.0,667.0
7,1754.0,21.0,1074.0
7,1954.0,21.0,1194.0
7,712.0,23.0,432.0
7,859.0,22.0,539.0
7,1957.0,28.0,1197.0
7,911.0,34.0,551.0
7,1804.0,29.0,1084.0
7,1105.0,36.0,665.0
7,1257.0,24.0,777.0
7,1809.0,39.0,1089.0
7,912.0,21.0,552.0
7,1120.0,36.0,680.0
7,1803.0,43.0,1083.0
7,1830.0,43.0,1110.0
7,924.0,27.0,564.0
7,1611.0,35.0,971.0
7,1721.0,22.0,1041.0
7,1624.0,26.0,984.0
7,1055.0,20.0,655.0
7,1420.0,21.0,860.0
7,1805.0,61.0,1085.0
7,900.0,24.0,540.0
7,1515.0,23.0,915.0
7,1105.0,31.0,665.0
7,1549.0,32.0,949.0
7,708.0,24.0,428.0
7,844.0,35.0,524.0
7,1558.0,31.0,958.0
7,750.0,19.0,470.0
7,1043.0,24.0,643.0
7,741.0,23.0,461.0
7,2029.0,25.0,1229.0
7,1652.0,21.0,1012.0
7,946.0,24.0,586.0
7,1054.0,17.0,654.0
7,1755.0,24.0,1075.0
7,1619.0,21.0,979.0
7,848.0,20.0,528.0
7,910.0,21.0,550.0
7,1802.0,28.0,1082.0
7,1807.0,24.0,1087.0
7,856.0,27.0,536.0
7,1828.0,35.0,1108.0
7,1639.0,24.0,999.0
7,1757.0,18.0,1077.0
7,1613.0,26.0,973.0
7,928.0,21.0,568.0
7,2027.0,39.0,1227.0
7,1557.0,28.0,957.0
7,1155.0,21.0,715.0
7,1615.0,28.0,975.0
7,2007.0,24.0,1207.0
7,1031.0,22.0,631.0
7,1255.0,16.0,775.0
7,1834.0,23.0,1114.0
7,1034.0,30.0,634.0
7,1957.0,24.0,1197.0
7,1050.0,27.0,650.0
7,1305.0,26.0,785.0
7,1952.0,26.0,1192.0
7,655.0,20.0,415.0
7,1308.0,24.0,788.0
7,645.0,22.0,405.0
7,1048.0,20.0,648.0
7,931.0,26.0,571.0
7,851.0,17.0,531.0
7,1817.0,39.0,1097.0
7,1815.0,32.0,1095.0
7,933.0,39.0,573.0
7,706.0,23.0,426.0
7,1034.0,26.0,634.0
7,1941.0,17.0,1181.0
7,1054.0,29.0,654.0
7,2002.0,21.0,1202.0
7,1352.0,15.0,832.0
7,1111.0,28.0,671.0
7,1655.0,29.0,1015.0
7,2022.0,34.0,1222.0
7,1816.0,23.0,1096.0
7,612.0,19.0,372.0
7,1402.0,17.0,842.0
7,2017.0,41.0,1217.0
7,1104.0,36.0,664.0
7,1433.0,19.0,873.0
7,853.0,20.0,533.0
7,2009.0,28.0,1209.0
7,1323.0,30.0,803.0
7,1804.0,24.0,1084.0
7,554.0,17.0,354.0
7,1513.0,23.0,913.0
7,1815.0,32.0,1095.0
7,1453.0,27.0,893.0
7,1053.0,28.0,653.0
7,725.0,29.0,445.0
7,1807.0,25.0,1087.0
7,2001.0,23.0,1201.0
7,850.0,34.0,530.0
7,1815.0,25.0,1095.0
7,2059.0,24.0,1259.0
7,1359.0,24.0,839.0
7,1957.0,27.0,1197.0
7,1828.0,47.0,1108.0
7,1030.0,19.0,630.0
7,1754.0,39.0,1074.0
7,655.0,18.0,415.0
7,730.0,23.0,450.0
7,922.0,33.0,562.0
7,1807.0,25.0,1087.0
7,1807.0,51.0,1087.0
7,820.0,20.0,500.0
7,1202.0,23.0,722.0
7,1410.0,15.0,850.0
7,1800.0,37.0,1080.0
7,1333.0,26.0,813.0
7,848.0,25.0,528.0
7,1426.0,24.0,866.0
7,1618.0,28.0,978.0
7,2007.0,39.0,1207.0
7,1602.0,29.0,962.0
7,1058.0,28.0,658.0
7,1543.0,29.0,943.0
7,902.0,32.0,542.0
7,1951.0,20.0,1191.0
7,715.0,22.0,435.0
7,1340.0,17.0,820.0
7,735.0,17.0,455.0
7,1620.0,28.0,980.0
7,1051.0,31.0,651.0
7,1810.0,35.0,1090.0
7,1440.0,20.0,880.0
7,1307.0,21.0,787.0
7,1056.0,30.0,656.0
7,1814.0,37.0,1094.0
7,846.0,29.0,526.0
7,1251.0,22.0,771.0
7,1238.0,16.0,758.0
7,1408.0,22.0,848.0
7,555.0,15.0,355.0
7,2021.0,29.0,1221.0
7,912.0,25.0,552.0
7,1555.0,28.0,955.0
7,838.0,20.0,518.0
7,902.0,25.0,542.0
7,921.0,32.0,561.0
7,1813.0,25.0,1093.0
7,1543.0,33.0,943.0
7,656.0,18.0,416.0
7,1306.0,34.0,786.0
7,1956.0,23.0,1196.0
7,1237.0,15.0,757.0
7,1702.0,31.0,1022.0
7,846.0,44.0,526.0
7,1203.0,32.0,723.0
7,1418.0,33.0,858.0
7,2120.0,26.0,1280.0
7,2111.0,20.0,1271.0
7,904.0,36.0,544.0
7,1840.0,34.0,1120.0
7,1959.0,21.0,1199.0
7,1242.0,34.0,762.0
7,1956.0,31.0,1196.0
7,552.0,40.0,352.0
7,1435.0,33.0,875.0
7,1357.0,19.0,837.0
7,1647.0,22.0,1007.0
7,728.0,24.0,448.0
7,1040.0,31.0,640.0
7,707.0,17.0,427.0
7,1244.0,28.0,764.0
7,1105.0,34.0,665.0
7,534.0,29.0,334.0
7,1815.0,40.0,1095.0
7,2007.0,28.0,1207.0
7,1622.0,35.0,982.0
7,1240.0,23.0,760.0
7,857.0,27.0,537.0
7,1249.0,25.0,769.0
7,844.0,30.0,524.0
7,1259.0,27.0,779.0
7,1043.0,22.0,643.0
7,2003.0,29.0,1203.0
7,1105.0,43.0,665.0
7,1550.0,33.0,950.0
7,2001.0,37.0,1201.0
7,1035.0,27.0,635.0
7,1454.0,23.0,894.0
7,1436.0,34.0,876.0
7,1056.0,46.0,656.0
7,957.0,23.0,597.0
7,1939.0,24.0,1179.0
7,2009.0,19.0,1209.0
7,919.0,20.0,559.0
7,1835.0,30.0,1115.0
7,1301.0,24.0,781.0
7,1805.0,43.0,1085.0
7,710.0,16.0,430.0
7,912.0,46.0,552.0
7,926.0,42.0,566.0
7,1038.0,19.0,638.0
7,2024.0,23.0,1224.0
7,917.0,34.0,557.0
6,1816.0,31.0,1096.0
6,826.0,63.0,506.0
6,1606.0,23.0,966.0
6,1041.0,33.0,641.0
6,1302.0,26.0,782.0
6,1841.0,27.0,1121.0
6,2119.0,22.0,1279.0
6,1241.0,27.0,761.0
6,1614.0,20.0,974.0
6,1057.0,27.0,657.0
6,1604.0,22.0,964.0
6,1035.0,22.0,635.0
6,1448.0,27.0,888.0
6,2018.0,23.0,1218.0
6,1352.0,18.0,832.0
6,1621.0,21.0,981.0
6,1251.0,20.0,771.0
6,2040.0,34.0,1240.0
6,1809.0,23.0,1089.0
6,1042.0,27.0,642.0
6,1802.0,62.0,1082.0
6,1829.0,45.0,1109.0
6,1410.0,16.0,850.0
6,1054.0,35.0,654.0
6,843.0,23.0,523.0
6,1254.0,40.0,774.0
6,1622.0,24.0,982.0
6,1426.0,18.0,866.0
6,709.0,26.0,429.0
6,853.0,23.0,533.0
6,2011.0,22.0,1211.0
6,900.0,43.0,540.0
6,1414.0,19.0,854.0
6,1301.0,37.0,781.0
6,716.0,23.0,436.0
6,1117.0,77.0,677.0
6,1759.0,22.0,1079.0
6,2008.0,24.0,1208.0
6,857.0,35.0,537.0
6,2006.0,25.0,1206.0
6,913.0,33.0,553.0
6,1551.0,27.0,951.0
6,1059.0,42.0,659.0
6,1301.0,17.0,781.0
6,1814.0,30.0,1094.0
6,941.0,41.0,581.0
6,1117.0,41.0,677.0
6,1817.0,26.0,1097.0
6,1851.0,51.0,1131.0
6,934.0,49.0,574.0
6,1557.0,23.0,957.0
6,1059.0,85.0,659.0
6,1359.0,28.0,839.0
6,1808.0,28.0,1088.0
6,904.0,30.0,544.0
6,1417.0,18.0,857.0
6,1116.0,19.0,676.0
6,1619.0,19.0,979.0
6,848.0,20.0,528.0
6,1551.0,23.0,951.0
6,750.0,24.0,470.0
6,1049.0,31.0,649.0
6,1647.0,32.0,1007.0
6,912.0,46.0,552.0
6,1052.0,25.0,652.0
6,1834.0,19.0,1114.0
6,1702.0,19.0,1022.0
6,854.0,37.0,534.0
6,910.0,35.0,550.0
6,1822.0,52.0,1102.0
6,1840.0,29.0,1120.0
6,1750.0,30.0,1070.0
6,928.0,37.0,568.0
6,2021.0,23.0,1221.0
6,1600.0,19.0,960.0
6,1602.0,18.0,962.0
6,2010.0,20.0,1210.0
6,1041.0,30.0,641.0
6,1248.0,18.0,768.0
6,1837.0,15.0,1117.0
6,1352.0,26.0,832.0
6,2012.0,48.0,1212.0
6,1050.0,44.0,650.0
6,1304.0,46.0,784.0
6,2000.0,33.0,1200.0
6,655.0,25.0,415.0
6,1305.0,34.0,785.0
6,644.0,32.0,404.0
6,1055.0,42.0,655.0
6,848.0,25.0,528.0
6,836.0,20.0,516.0
6,1832.0,55.0,1112.0
6,1844.0,23.0,1124.0
6,925.0,18.0,565.0
6,709.0,28.0,429.0
6,1839.0,18.0,1119.0
6,1049.0,26.0,649.0
6,2018.0,27.0,1218.0
6,1413.0,21.0,853.0
6,1112.0,28.0,672.0
6,2047.0,20.0,1247.0
6,1937.0,19.0,1177.0
6,556.0,26.0,356.0
6,1119.0,36.0,679.0
6,1424.0,34.0,864.0
6,851.0,27.0,531.0
6,2013.0,33.0,1213.0
6,656.0,18.0,416.0
6,1835.0,44.0,1115.0
6,1446.0,19.0,886.0
6,1143.0,35.0,703.0
6,722.0,21.0,442.0
6,1807.0,42.0,1087.0
6,852.0,34.0,532.0
6,1825.0,64.0,1105.0
6,1410.0,19.0,850.0
6,2016.0,32.0,1216.0
6,1804.0,38.0,1084.0
6,1034.0,16.0,634.0
6,659.0,20.0,419.0
6,733.0,16.0,453.0
6,910.0,44.0,550.0
6,1843.0,33.0,1123.0
6,1848.0,22.0,1128.0
6,1102.0,36.0,662.0
6,1414.0,20.0,854.0
6,1801.0,21.0,1081.0
6,1259.0,31.0,779.0
6,850.0,25.0,530.0
6,1425.0,19.0,865.0
6,1610.0,17.0,970.0
6,1602.0,21.0,962.0
6,1058.0,35.0,658.0
6,1400.0,35.0,840.0
6,902.0,38.0,542.0
6,1959.0,27.0,1199.0
6,733.0,16.0,453.0
6,2023.0,24.0,1223.0
6,1614.0,34.0,974.0
6,1059.0,31.0,659.0
6,1414.0,24.0,854.0
6,1253.0,16.0,773.0
6,1049.0,42.0,649.0
6,1846.0,39.0,1126.0
6,845.0,29.0,525.0
6,1241.0,17.0,761.0
6,1402.0,17.0,842.0
6,2126.0,20.0,1286.0
6,905.0,30.0,545.0
6,1418.0,24.0,858.0
6,842.0,22.0,522.0
6,857.0,41.0,537.0
6,922.0,31.0,562.0
6,1822.0,34.0,1102.0
6,1551.0,24.0,951.0
6,655.0,22.0,415.0
6,1308.0,25.0,788.0
6,2013.0,33.0,1213.0
6,843.0,20.0,523.0
6,1035.0,21.0,635.0
6,1420.0,18.0,860.0
6,2152.0,14.0,1312.0
6,902.0,54.0,542.0
6,1858.0,30.0,1138.0
6,2013.0,26.0,1213.0
6,550.0,15.0,350.0
6,1243.0,18.0,763.0
6,1954.0,24.0,1194.0
6,557.0,21.0,357.0
6,1435.0,24.0,875.0
6,1356.0,16.0,836.0
6,1618.0,33.0,978.0
6,729.0,21.0,449.0
6,1033.0,69.0,633.0
6,703.0,18.0,423.0
6,1247.0,30.0,767.0
6,1229.0,18.0,749.0
6,529.0,23.0,329.0
6,1824.0,32.0,1104.0
6,2036.0,20.0,1236.0
6,1620.0,22.0,980.0
6,1254.0,50.0,774.0
6,903.0,30.0,543.0
6,1443.0,21.0,883.0
6,851.0,30.0,531.0
6,1252.0,23.0,772.0
6,1038.0,23.0,638.0
6,2011.0,19.0,1211.0
6,1039.0,66.0,639.0
6,1352.0,28.0,832.0
6,2000.0,21.0,1200.0
6,1038.0,29.0,638.0
6,1439.0,22.0,879.0
6,1602.0,23.0,962.0
6,1423.0,17.0,863.0
6,1108.0,42.0,668.0
6,706.0,32.0,426.0
6,935.0,39.0,575.0
6,1956.0,17.0,1196.0
6,1844.0,23.0,1124.0
6,1259.0,28.0,779.0
6,1815.0,24.0,1095.0
6,858.0,43.0,538.0
6,928.0,58.0,568.0
6,1041.0,29.0,641.0
6,2039.0,19.0,1239.0
6,922.0,37.0,562.0
6,1126.0,33.0,686.0
5,1810.0,33.0,1090.0
5,725.0,18.0,445.0
5,1610.0,51.0,970.0
5,1037.0,30.0,637.0
5,1515.0,20.0,915.0
5,1833.0,37.0,1113.0
5,2102.0,26.0,1262.0
5,1253.0,46.0,773.0
5,1713.0,22.0,1033.0
5,1042.0,36.0,642.0
5,1601.0,23.0,961.0
5,1033.0,31.0,633.0
5,1456.0,23.0,896.0
5,2052.0,19.0,1252.0
5,1524.0,17.0,924.0
5,1613.0,20.0,973.0
5,1253.0,25.0,773.0
5,2005.0,30.0,1205.0
5,1950.0,20.0,1190.0
5,1806.0,39.0,1086.0
5,1035.0,21.0,635.0
5,1802.0,28.0,1082.0
5,2004.0,23.0,1204.0
5,1802.0,27.0,1082.0
5,1412.0,26.0,852.0
5,1948.0,33.0,1188.0
5,938.0,18.0,578.0
5,1055.0,22.0,655.0
5,1100.0,38.0,660.0
5,854.0,30.0,534.0
5,1252.0,24.0,772.0
5,707.0,16.0,427.0
5,1434.0,20.0,874.0
5,1620.0,35.0,980.0
5,1425.0,24.0,865.0
5,706.0,26.0,426.0
5,846.0,20.0,526.0
5,2005.0,36.0,1205.0
5,854.0,29.0,534.0
5,1421.0,25.0,861.0
5,1304.0,43.0,784.0
5,845.0,22.0,525.0
5,715.0,24.0,435.0
5,1217.0,12.0,737.0
5,1105.0,50.0,665.0
5,1755.0,13.0,1075.0
5,2009.0,31.0,1209.0
5,710.0,23.0,430.0
5,853.0,39.0,533.0
5,1955.0,34.0,1195.0
5,907.0,38.0,547.0
5,1604.0,24.0,964.0
5,1100.0,21.0,660.0
5,1305.0,35.0,785.0
5,1808.0,31.0,1088.0
5,908.0,27.0,548.0
5,1115.0,18.0,675.0
5,1800.0,26.0,1080.0
5,1838.0,19.0,1118.0
5,920.0,21.0,560.0
5,1621.0,27.0,981.0
5,1711.0,18.0,1031.0
5,1555.0,24.0,955.0
5,1039.0,22.0,639.0
5,1419.0,26.0,859.0
5,1804.0,33.0,1084.0
5,854.0,27.0,534.0
5,1423.0,27.0,863.0
5,1059.0,24.0,659.0
5,1542.0,27.0,942.0
5,705.0,19.0,425.0
5,901.0,30.0,541.0
5,1604.0,24.0,964.0
5,752.0,22.0,472.0
5,1044.0,22.0,644.0
5,726.0,19.0,446.0
5,1955.0,27.0,1195.0
5,1705.0,29.0,1025.0
5,919.0,29.0,559.0
5,1111.0,17.0,671.0
5,1751.0,28.0,1071.0
5,1614.0,27.0,974.0
5,857.0,21.0,537.0
5,911.0,41.0,551.0
5,1804.0,44.0,1084.0
5,2132.0,20.0,1292.0
5,855.0,22.0,535.0
5,1938.0,23.0,1178.0
5,1652.0,31.0,1012.0
5,1745.0,25.0,1065.0
5,1553.0,25.0,953.0
5,943.0,22.0,583.0
5,2013.0,26.0,1213.0
5,1557.0,22.0,957.0
5,1153.0,16.0,713.0
5,1612.0,53.0,972.0
5,1955.0,29.0,1195.0
5,1032.0,17.0,632.0
5,1239.0,10.0,759.0
5,1818.0,42.0,1098.0
5,1029.0,15.0,629.0
5,1959.0,30.0,1199.0
5,1038.0,25.0,638.0
5,1307.0,28.0,787.0
5,1947.0,25.0,1187.0
5,652.0,23.0,412.0
5,1305.0,39.0,785.0
5,647.0,24.0,407.0
5,1038.0,23.0,638.0
5,844.0,20.0,524.0
5,844.0,19.0,524.0
5,1819.0,32.0,1099.0
5,1813.0,45.0,1093.0
5,927.0,26.0,567.0
5,659.0,16.0,419.0
5,1031.0,27.0,631.0
5,1810.0,18.0,1090.0
5,1050.0,27.0,650.0
5,2003.0,18.0,1203.0
5,1356.0,26.0,836.0
5,1103.0,20.0,663.0
5,1611.0,40.0,971.0
5,2014.0,33.0,1214.0
5,1818.0,20.0,1098.0
5,604.0,19.0,364.0
5,1354.0,21.0,834.0
5,1948.0,35.0,1188.0
5,1106.0,27.0,666.0
5,1436.0,16.0,876.0
5,852.0,21.0,532.0
5,1959.0,56.0,1199.0
5,1318.0,40.0,798.0
5,1806.0,32.0,1086.0
5,553.0,22.0,353.0
5,1427.0,38.0,867.0
5,1806.0,23.0,1086.0
5,1446.0,17.0,886.0
5,1050.0,28.0,650.0
5,710.0,24.0,430.0
5,1806.0,16.0,1086.0
5,2039.0,19.0,1239.0
5,844.0,27.0,524.0
5,1821.0,45.0,1101.0
5,2119.0,15.0,1279.0
5,1357.0,24.0,837.0
5,1956.0,29.0,1196.0
5,1754.0,20.0,1074.0
5,1221.0,15.0,741.0
5,1805.0,45.0,1085.0
5,656.0,16.0,416.0
5,728.0,24.0,448.0
5,915.0,33.0,555.0
5,1806.0,31.0,1086.0
5,1810.0,26.0,1090.0
5,751.0,33.0,471.0
5,1228.0,10.0,748.0
5,1410.0,21.0,850.0
5,1756.0,46.0,1076.0
5,1255.0,39.0,775.0
5,848.0,29.0,528.0
5,1429.0,45.0,869.0
5,1616.0,21.0,976.0
5,1602.0,25.0,962.0
5,1054.0,27.0,654.0
5,1354.0,43.0,834.0
5,858.0,30.0,538.0
5,1957.0,23.0,1197.0
5,706.0,12.0,426.0
5,1334.0,35.0,814.0
5,1942.0,24.0,1182.0
5,1611.0,31.0,971.0
5,1111.0,18.0,671.0
5,2124.0,18.0,1284.0
5,1415.0,29.0,855.0
5,1255.0,19.0,775.0
5,1051.0,25.0,651.0
5,1953.0,37.0,1193.0
5,840.0,18.0,520.0
5,1255.0,36.0,775.0
5,1253.0,22.0,773.0
5,1403.0,26.0,843.0
5,551.0,17.0,351.0
5,2014.0,34.0,1214.0
5,919.0,32.0,559.0
5,1541.0,21.0,941.0
5,1532.0,38.0,932.0
5,913.0,23.0,553.0
5,914.0,25.0,554.0
5,1810.0,23.0,1090.0
5,1535.0,27.0,935.0
5,710.0,27.0,430.0
5,1308.0,47.0,788.0
5,1957.0,22.0,1197.0
5,1230.0,25.0,750.0
5,1657.0,29.0,1017.0
5,908.0,18.0,548.0
5,1036.0,16.0,636.0
5,1433.0,30.0,873.0
5,2139.0,14.0,1299.0
5,2107.0,22.0,1267.0
5,1148.0,14.0,708.0
5,1807.0,55.0,1087.0
5,1958.0,25.0,1198.0
5,550.0,23.0,350.0
5,1238.0,16.0,758.0
5,2002.0,43.0,1202.0
5,558.0,20.0,358.0
5,1434.0,21.0,874.0
5,1358.0,33.0,838.0
5,1826.0,35.0,1106.0
5,732.0,19.0,452.0
5,1028.0,14.0,628.0
5,702.0,23.0,422.0
5,1259.0,38.0,779.0
5,1101.0,23.0,661.0
5,532.0,24.0,332.0
5,1808.0,30.0,1088.0
5,2009.0,25.0,1209.0
5,1618.0,32.0,978.0
5,1241.0,15.0,761.0
5,859.0,17.0,539.0
5,1255.0,43.0,775.0
5,841.0,31.0,521.0
5,1335.0,28.0,815.0
5,1036.0,18.0,636.0
5,2001.0,29.0,1201.0
5,1100.0,25.0,660.0
5,1617.0,18.0,977.0
5,1950.0,25.0,1190.0
5,1038.0,23.0,638.0
5,1435.0,21.0,875.0
5,1428.0,21.0,868.0
5,1107.0,22.0,667.0
5,918.0,49.0,558.0
5,1951.0,43.0,1191.0
5,1944.0,22.0,1184.0
5,857.0,24.0,537.0
5,1814.0,18.0,1094.0
5,1307.0,42.0,787.0
5,1932.0,22.0,1172.0
5,706.0,27.0,426.0
5,910.0,24.0,550.0
5,930.0,27.0,570.0
5,1033.0,28.0,633.0
5,2015.0,31.0,1215.0
5,922.0,22.0,562.0
4,1748.0,20.0,1068.0
4,731.0,24.0,451.0
4,1608.0,33.0,968.0
4,1037.0,22.0,637.0
4,1255.0,16.0,775.0
4,1843.0,50.0,1123.0
4,2202.0,25.0,1322.0
4,1243.0,26.0,763.0
4,1612.0,23.0,972.0
4,1054.0,38.0,654.0
4,1556.0,27.0,956.0
4,1029.0,25.0,629.0
4,1417.0,17.0,857.0
4,2025.0,35.0,1225.0
4,1352.0,12.0,832.0
4,1604.0,24.0,964.0
4,1306.0,24.0,786.0
4,2043.0,32.0,1243.0
4,2015.0,28.0,1215.0
4,1849.0,129.0,1129.0
4,1038.0,27.0,638.0
4,1815.0,35.0,1095.0
4,2034.0,40.0,1234.0
4,1820.0,105.0,1100.0
4,1409.0,15.0,849.0
4,2037.0,80.0,1237.0
4,846.0,32.0,526.0
4,1210.0,19.0,730.0
4,1046.0,20.0,646.0
4,859.0,24.0,539.0
4,1245.0,20.0,765.0
4,706.0,21.0,426.0
4,1431.0,17.0,871.0
4,1613.0,22.0,973.0
4,1422.0,28.0,862.0
4,713.0,22.0,433.0
4,857.0,31.0,537.0
4,2125.0,47.0,1285.0
4,852.0,30.0,532.0
4,1421.0,23.0,861.0
4,1353.0,16.0,833.0
4,847.0,31.0,527.0
4,715.0,18.0,435.0
4,1205.0,18.0,725.0
4,1108.0,28.0,668.0
4,1820.0,54.0,1100.0
4,2035.0,44.0,1235.0
4,710.0,22.0,430.0
4,859.0,33.0,539.0
4,2014.0,36.0,1214.0
4,913.0,23.0,553.0
4,1552.0,56.0,952.0
4,1104.0,30.0,664.0
4,1258.0,21.0,778.0
4,1809.0,48.0,1089.0
4,908.0,28.0,548.0
4,1117.0,21.0,677.0
4,1824.0,132.0,1104.0
4,1939.0,24.0,1179.0
4,924.0,26.0,564.0
4,1611.0,22.0,971.0
4,1754.0,23.0,1074.0
4,1554.0,21.0,954.0
4,1040.0,26.0,640.0
4,1417.0,24.0,857.0
4,1809.0,68.0,1089.0
4,908.0,39.0,548.0
4,1417.0,20.0,857.0
4,1101.0,27.0,661.0
4,1533.0,20.0,933.0
4,843.0,37.0,523.0
4,1549.0,30.0,949.0
4,753.0,21.0,473.0
4,1058.0,28.0,658.0
4,718.0,28.0,438.0
4,2039.0,29.0,1239.0
4,1643.0,28.0,1003.0
4,926.0,17.0,566.0
4,1050.0,32.0,650.0
4,1924.0,61.0,1164.0
4,1617.0,39.0,977.0
4,844.0,27.0,524.0
4,908.0,26.0,548.0
4,1832.0,51.0,1112.0
4,1800.0,44.0,1080.0
4,858.0,19.0,538.0
4,1905.0,41.0,1145.0
4,1659.0,24.0,1019.0
4,2021.0,49.0,1221.0
4,1548.0,26.0,948.0
4,920.0,38.0,560.0
3,1057.0,20.0,657.0
3,1551.0,22.0,951.0
3,1027.0,30.0,627.0
3,1437.0,28.0,877.0
3,2024.0,135.0,1224.0
3,1355.0,22.0,835.0
3,1606.0,29.0,966.0
3,1252.0,21.0,772.0
3,2009.0,50.0,1209.0
3,1808.0,39.0,1088.0
3,1041.0,28.0,641.0
3,1753.0,21.0,1073.0
3,1819.0,38.0,1099.0
3,1357.0,16.0,837.0
3,1953.0,39.0,1193.0
3,852.0,27.0,532.0
3,1057.0,15.0,657.0
3,856.0,38.0,536.0
3,1252.0,27.0,772.0
3,1435.0,39.0,875.0
3,1611.0,27.0,971.0
3,1421.0,27.0,861.0
3,858.0,40.0,538.0
3,852.0,37.0,532.0
3,1416.0,30.0,856.0
3,1534.0,16.0,934.0
3,1242.0,18.0,762.0
3,844.0,24.0,524.0
3,718.0,21.0,438.0
3,1206.0,22.0,726.0
3,1109.0,39.0,669.0
3,1753.0,24.0,1073.0
3,1957.0,32.0,1197.0
3,710.0,22.0,430.0
3,857.0,35.0,537.0
3,2004.0,43.0,1204.0
3,913.0,20.0,553.0
3,1555.0,17.0,955.0
3,1058.0,32.0,658.0
3,1253.0,21.0,773.0
3,1832.0,32.0,1112.0
3,912.0,45.0,552.0
3,1112.0,23.0,672.0
3,1809.0,33.0,1089.0
3,1846.0,30.0,1126.0
3,922.0,28.0,562.0
3,1608.0,23.0,968.0
3,1711.0,18.0,1031.0
3,1041.0,20.0,641.0
3,1423.0,21.0,863.0
3,1823.0,38.0,1103.0
3,953.0,28.0,593.0
3,1415.0,16.0,855.0
3,1104.0,29.0,664.0
3,1602.0,26.0,962.0
3,855.0,35.0,535.0
3,1545.0,23.0,945.0
3,755.0,14.0,475.0
3,1058.0,24.0,658.0
3,726.0,17.0,446.0
3,1647.0,22.0,1007.0
3,912.0,31.0,552.0
3,1755.0,20.0,1075.0
3,1616.0,25.0,976.0
3,853.0,31.0,533.0
3,905.0,31.0,545.0
3,1758.0,41.0,1078.0
3,1808.0,36.0,1088.0
3,857.0,40.0,537.0
3,1908.0,27.0,1148.0
3,1644.0,20.0,1004.0
3,1749.0,31.0,1069.0
3,928.0,26.0,568.0
3,2020.0,37.0,1220.0
3,1552.0,23.0,952.0
3,1613.0,27.0,973.0
3,1028.0,17.0,628.0
3,1240.0,14.0,760.0
3,1816.0,36.0,1096.0
3,1031.0,22.0,631.0
3,2008.0,34.0,1208.0
3,1048.0,22.0,648.0
3,1307.0,24.0,787.0
3,2016.0,24.0,1216.0
3,659.0,52.0,419.0
3,640.0,25.0,400.0
3,1037.0,30.0,637.0
3,844.0,19.0,524.0
3,1815.0,33.0,1095.0
3,1830.0,38.0,1110.0
3,1004.0,21.0,604.0
3,707.0,25.0,427.0
3,1031.0,25.0,631.0
3,1840.0,30.0,1120.0
3,1053.0,33.0,653.0
3,1438.0,16.0,878.0
3,1206.0,20.0,726.0
3,2017.0,44.0,1217.0
3,1808.0,33.0,1088.0
3,559.0,21.0,359.0
3,1349.0,15.0,829.0
3,1940.0,50.0,1180.0
3,1103.0,22.0,663.0
3,1502.0,19.0,902.0
3,852.0,28.0,532.0
3,2002.0,43.0,1202.0
3,1314.0,30.0,794.0
3,1809.0,25.0,1089.0
3,552.0,22.0,352.0
3,1426.0,18.0,866.0
3,1811.0,33.0,1091.0
3,1436.0,35.0,876.0
3,1049.0,21.0,649.0
3,706.0,29.0,426.0
3,1804.0,43.0,1084.0
3,1937.0,32.0,1177.0
3,1958.0,48.0,1198.0
3,848.0,35.0,528.0
3,1812.0,73.0,1092.0
3,1400.0,21.0,840.0
3,1805.0,44.0,1085.0
3,1214.0,39.0,734.0
3,658.0,52.0,418.0
3,732.0,25.0,452.0
3,914.0,36.0,554.0
3,1950.0,37.0,1190.0
3,1820.0,38.0,1100.0
3,748.0,38.0,468.0
3,1057.0,26.0,657.0
3,1409.0,18.0,849.0
3,1758.0,67.0,1078.0
3,1258.0,26.0,778.0
3,838.0,16.0,518.0
3,1428.0,18.0,868.0
3,1654.0,28.0,1014.0
3,1947.0,29.0,1187.0
3,1658.0,17.0,1018.0
3,1132.0,23.0,692.0
3,1355.0,32.0,835.0
3,953.0,21.0,593.0
3,1541.0,25.0,941.0
3,709.0,20.0,429.0
3,1343.0,16.0,823.0
3,1608.0,21.0,968.0
3,1055.0,25.0,655.0
3,1801.0,28.0,1081.0
3,1350.0,18.0,830.0
3,1305.0,24.0,785.0
3,1059.0,22.0,659.0
3,1817.0,36.0,1097.0
3,845.0,53.0,525.0
3,1237.0,19.0,757.0
3,1645.0,14.0,1005.0
3,552.0,20.0,352.0
3,2010.0,33.0,1210.0
3,1603.0,32.0,963.0
3,909.0,52.0,549.0
3,1537.0,38.0,937.0
3,845.0,37.0,525.0
3,900.0,40.0,540.0
3,908.0,41.0,548.0
3,1809.0,36.0,1089.0
3,1542.0,18.0,942.0
3,656.0,20.0,416.0
3,1309.0,24.0,789.0
3,2017.0,69.0,1217.0
3,1230.0,19.0,750.0
3,1657.0,27.0,1017.0
3,2141.0,41.0,1301.0
3,842.0,20.0,522.0
3,1048.0,26.0,648.0
3,1436.0,25.0,876.0
3,1527.0,30.0,927.0
3,902.0,35.0,542.0
3,1804.0,65.0,1084.0
3,2009.0,50.0,1209.0
3,1238.0,21.0,758.0
3,2047.0,92.0,1247.0
3,1430.0,19.0,870.0
3,1352.0,22.0,832.0
3,1600.0,18.0,960.0
3,727.0,17.0,447.0
3,1042.0,38.0,642.0
3,703.0,19.0,423.0
3,1245.0,17.0,765.0
3,1053.0,25.0,653.0
3,531.0,18.0,331.0
3,1822.0,37.0,1102.0
3,2024.0,58.0,1224.0
3,1621.0,31.0,981.0
3,903.0,33.0,543.0
3,1306.0,27.0,786.0
3,846.0,30.0,526.0
3,1258.0,23.0,778.0
3,1043.0,25.0,643.0
3,1105.0,23.0,665.0
3,1529.0,17.0,929.0
3,1556.0,24.0,956.0
3,1044.0,22.0,644.0
3,1454.0,23.0,894.0
3,1533.0,38.0,933.0
3,1424.0,19.0,864.0
3,928.0,31.0,568.0
3,1940.0,28.0,1180.0
3,2001.0,40.0,1201.0
3,855.0,30.0,535.0
3,1831.0,24.0,1111.0
3,1255.0,23.0,775.0
3,1802.0,26.0,1082.0
3,959.0,23.0,599.0
3,927.0,25.0,567.0
3,1035.0,23.0,635.0
3,2016.0,54.0,1216.0
2,1756.0,24.0,1076.0
2,726.0,18.0,446.0
2,1615.0,37.0,975.0
2,1106.0,19.0,666.0
2,1323.0,25.0,803.0
2,1820.0,39.0,1100.0
2,1253.0,18.0,773.0
2,1614.0,25.0,974.0
2,1105.0,21.0,665.0
2,1615.0,38.0,975.0
2,1113.0,25.0,673.0
2,1448.0,18.0,888.0
2,2018.0,15.0,1218.0
2,1350.0,13.0,830.0
2,1608.0,44.0,968.0
2,1300.0,18.0,780.0
2,2040.0,18.0,1240.0
2,1810.0,26.0,1090.0
2,1157.0,32.0,717.0
2,1801.0,34.0,1081.0
2,1826.0,36.0,1106.0
2,1505.0,21.0,905.0
2,2005.0,22.0,1205.0
2,1128.0,22.0,688.0
2,1121.0,22.0,681.0
2,856.0,36.0,536.0
2,1304.0,20.0,784.0
2,1452.0,26.0,892.0
2,1632.0,26.0,992.0
2,1508.0,28.0,908.0
2,859.0,52.0,539.0
2,903.0,24.0,543.0
2,1455.0,19.0,895.0
2,1537.0,16.0,937.0
2,1323.0,20.0,803.0
2,851.0,32.0,531.0
2,714.0,20.0,434.0
2,1310.0,25.0,790.0
2,1114.0,21.0,674.0
2,1754.0,22.0,1074.0
2,1959.0,25.0,1199.0
2,707.0,16.0,427.0
2,927.0,23.0,567.0
2,1956.0,27.0,1196.0
2,912.0,23.0,552.0
2,1647.0,18.0,1007.0
2,1353.0,16.0,833.0
2,1310.0,24.0,790.0
2,1837.0,20.0,1117.0
2,934.0,24.0,574.0
2,1140.0,19.0,700.0
2,1802.0,50.0,1082.0
2,1858.0,20.0,1138.0
2,1614.0,20.0,974.0
2,1721.0,30.0,1041.0
2,1104.0,17.0,664.0
2,1537.0,22.0,937.0
2,1811.0,23.0,1091.0
2,907.0,27.0,547.0
2,1557.0,53.0,957.0
2,1146.0,20.0,706.0
2,1530.0,25.0,930.0
2,847.0,35.0,527.0
2,1558.0,51.0,958.0
2,757.0,25.0,477.0
2,1111.0,30.0,671.0
2,731.0,12.0,451.0
2,1650.0,24.0,1010.0
2,933.0,19.0,573.0
2,1146.0,25.0,706.0
2,1802.0,52.0,1082.0
2,935.0,26.0,575.0
2,1013.0,23.0,613.0
2,1805.0,48.0,1085.0
2,1802.0,26.0,1082.0
2,855.0,18.0,535.0
2,1832.0,28.0,1112.0
2,1710.0,22.0,1030.0
2,1757.0,22.0,1077.0
2,926.0,20.0,566.0
2,2015.0,17.0,1215.0
2,1622.0,28.0,982.0
2,1653.0,21.0,1013.0
2,1059.0,15.0,659.0
2,1316.0,28.0,796.0
2,1816.0,26.0,1096.0
2,1105.0,19.0,665.0
2,2151.0,25.0,1311.0
2,1124.0,21.0,684.0
2,1457.0,14.0,897.0
2,1953.0,22.0,1193.0
2,657.0,21.0,417.0
2,648.0,21.0,408.0
2,1055.0,20.0,655.0
2,847.0,15.0,527.0
2,1903.0,21.0,1143.0
2,1833.0,29.0,1113.0
2,942.0,20.0,582.0
2,711.0,28.0,431.0
2,1115.0,18.0,675.0
2,2052.0,22.0,1252.0
2,1154.0,15.0,714.0
2,1419.0,17.0,859.0
2,1147.0,16.0,707.0
2,2023.0,16.0,1223.0
2,1814.0,55.0,1094.0
2,612.0,23.0,372.0
2,1408.0,13.0,848.0
2,2107.0,24.0,1267.0
2,1112.0,20.0,672.0
2,1455.0,29.0,895.0
2,906.0,32.0,546.0
2,2002.0,17.0,1202.0
2,1417.0,16.0,857.0
2,1814.0,35.0,1094.0
2,559.0,19.0,359.0
2,1459.0,23.0,899.0
2,1808.0,25.0,1088.0
2,1520.0,15.0,920.0
2,1131.0,19.0,691.0
2,712.0,37.0,432.0
2,1807.0,31.0,1087.0
2,1938.0,29.0,1178.0
2,2030.0,22.0,1230.0
2,853.0,28.0,533.0
2,2011.0,18.0,1211.0
2,1405.0,19.0,845.0
2,1754.0,15.0,1074.0
2,1545.0,16.0,945.0
2,653.0,19.0,413.0
2,731.0,23.0,451.0
2,936.0,21.0,576.0
2,1811.0,31.0,1091.0
2,1811.0,33.0,1091.0
2,752.0,21.0,472.0
2,1107.0,32.0,667.0
2,1424.0,19.0,864.0
2,1800.0,31.0,1080.0
2,1316.0,24.0,796.0
2,855.0,30.0,535.0
2,1428.0,17.0,868.0
2,1854.0,21.0,1134.0
2,1950.0,22.0,1190.0
2,1613.0,25.0,973.0
2,1133.0,18.0,693.0
2,1420.0,20.0,860.0
2,1021.0,23.0,621.0
2,1533.0,22.0,933.0
2,711.0,39.0,431.0
2,1415.0,23.0,855.0
2,1619.0,29.0,979.0
2,1136.0,31.0,696.0
2,1816.0,37.0,1096.0
2,1353.0,17.0,833.0
2,1314.0,23.0,794.0
2,1111.0,18.0,671.0
2,1816.0,34.0,1096.0
2,847.0,20.0,527.0
2,1245.0,15.0,765.0
2,1722.0,29.0,1042.0
2,556.0,41.0,356.0
2,2019.0,24.0,1219.0
2,1604.0,36.0,964.0
2,920.0,33.0,560.0
2,1541.0,23.0,941.0
2,846.0,33.0,526.0
2,857.0,32.0,537.0
2,904.0,24.0,544.0
2,1816.0,31.0,1096.0
2,1534.0,23.0,934.0
2,813.0,23.0,493.0
2,1322.0,28.0,802.0
2,2000.0,21.0,1200.0
2,1322.0,31.0,802.0
2,1709.0,19.0,1029.0
2,843.0,18.0,523.0
2,1126.0,25.0,686.0
2,1457.0,16.0,897.0
2,1536.0,17.0,936.0
2,905.0,25.0,545.0
2,1831.0,15.0,1111.0
2,1959.0,16.0,1199.0
2,1306.0,33.0,786.0
2,2030.0,28.0,1230.0
2,558.0,18.0,358.0
2,1500.0,31.0,900.0
2,1505.0,20.0,905.0
2,1739.0,18.0,1059.0
2,734.0,24.0,454.0
2,1152.0,20.0,712.0
2,710.0,16.0,430.0
2,1314.0,18.0,794.0
2,1209.0,17.0,729.0
2,538.0,22.0,338.0
2,1815.0,50.0,1095.0
2,2004.0,26.0,1204.0
2,1646.0,22.0,1006.0
2,1245.0,17.0,765.0
2,906.0,33.0,546.0
2,1313.0,23.0,793.0
2,854.0,30.0,534.0
2,1257.0,29.0,777.0
2,1227.0,20.0,747.0
2,1042.0,24.0,642.0
2,1552.0,22.0,952.0
2,1643.0,18.0,1003.0
2,1051.0,21.0,651.0
2,1436.0,21.0,876.0
2,1537.0,19.0,937.0
2,1456.0,13.0,896.0
2,931.0,20.0,571.0
2,1951.0,18.0,1191.0
2,1951.0,22.0,1191.0
2,856.0,33.0,536.0
2,1814.0,29.0,1094.0
2,1307.0,17.0,787.0
2,1814.0,25.0,1094.0
2,711.0,21.0,431.0
2,952.0,20.0,592.0
2,947.0,21.0,587.0
2,1046.0,19.0,646.0
2,2016.0,29.0,1216.0
1,1752.0,34.0,1072.0
1,745.0,22.0,465.0
1,1633.0,44.0,993.0
1,1053.0,46.0,653.0
1,1307.0,78.0,787.0
1,1828.0,49.0,1108.0
1,2121.0,19.0,1281.0
1,1313.0,23.0,793.0
1,1619.0,24.0,979.0
1,1118.0,40.0,678.0
1,1617.0,29.0,977.0
1,1055.0,26.0,655.0
1,1412.0,25.0,852.0
1,2111.0,20.0,1271.0
1,1401.0,22.0,841.0
1,1639.0,24.0,999.0
1,1321.0,26.0,801.0
1,2252.0,14.0,1372.0
1,1957.0,29.0,1197.0
1,1819.0,41.0,1099.0
1,1125.0,25.0,685.0
1,1800.0,21.0,1080.0
1,2013.0,24.0,1213.0
1,1812.0,28.0,1092.0
1,1450.0,23.0,890.0
1,2028.0,25.0,1228.0
1,937.0,34.0,577.0
1,1112.0,24.0,672.0
1,1137.0,34.0,697.0
1,1010.0,28.0,610.0
1,1257.0,25.0,777.0
1,710.0,31.0,430.0
1,1440.0,19.0,880.0
1,1620.0,28.0,980.0
1,1446.0,27.0,886.0
1,714.0,34.0,434.0
1,906.0,22.0,546.0
1,2112.0,20.0,1272.0
1,922.0,28.0,562.0
1,1421.0,22.0,861.0
1,1259.0,18.0,779.0
1,917.0,26.0,557.0
1,718.0,27.0,438.0
1,1207.0,20.0,727.0
1,1355.0,26.0,835.0
1,1841.0,47.0,1121.0
1,2034.0,24.0,1234.0
1,903.0,28.0,543.0
1,1959.0,28.0,1199.0
1,1001.0,27.0,601.0
1,1551.0,28.0,951.0
1,1145.0,31.0,705.0
1,1338.0,26.0,818.0
1,1809.0,69.0,1089.0
1,952.0,26.0,592.0
1,1158.0,35.0,718.0
1,1809.0,37.0,1089.0
1,1854.0,44.0,1134.0
1,957.0,48.0,597.0
1,1722.0,17.0,1042.0
1,1723.0,18.0,1043.0
1,1612.0,30.0,972.0
1,1127.0,24.0,687.0
1,1423.0,35.0,863.0
1,1811.0,31.0,1091.0
1,943.0,39.0,583.0
1,1429.0,28.0,869.0
1,1528.0,24.0,928.0
1,1534.0,20.0,934.0
1,823.0,81.0,503.0
1,911.0,19.0,551.0
1,1603.0,37.0,963.0
1,804.0,22.0,484.0
1,1215.0,20.0,735.0
1,727.0,37.0,447.0
1,1958.0,35.0,1198.0
1,1719.0,23.0,1039.0
1,1032.0,31.0,632.0
1,1159.0,24.0,719.0
1,1815.0,31.0,1095.0
1,927.0,37.0,567.0
1,920.0,35.0,560.0
1,1833.0,55.0,1113.0
1,1920.0,31.0,1160.0
1,1011.0,23.0,611.0
1,1858.0,23.0,1138.0
1,1648.0,41.0,1008.0
1,1859.0,33.0,1139.0
1,1605.0,27.0,965.0
1,1101.0,37.0,661.0
1,2027.0,29.0,1227.0
1,1706.0,25.0,1026.0
1,1220.0,25.0,740.0
1,1632.0,24.0,992.0
1,1944.0,36.0,1184.0
1,1112.0,24.0,672.0
1,1256.0,11.0,776.0
1,1805.0,24.0,1085.0
1,1118.0,22.0,678.0
1,1121.0,22.0,681.0
1,1504.0,18.0,904.0
1,2008.0,22.0,1208.0
1,930.0,23.0,570.0
1,1320.0,30.0,800.0
1,646.0,42.0,406.0
1,1120.0,28.0,680.0
1,1026.0,27.0,626.0
1,920.0,29.0,560.0
1,1904.0,29.0,1144.0
1,1831.0,59.0,1111.0
1,1028.0,30.0,628.0
1,712.0,31.0,432.0
1,1118.0,29.0,678.0
1,2153.0,22.0,1313.0
1,1116.0,23.0,676.0
1,2049.0,17.0,1249.0
1,1819.0,40.0,1099.0
1,1609.0,30.0,969.0
1,1136.0,28.0,696.0
1,1632.0,27.0,992.0
1,2029.0,19.0,1229.0
1,1815.0,36.0,1095.0
1,613.0,26.0,373.0
1,1354.0,22.0,834.0
1,1948.0,24.0,1188.0
1,1228.0,21.0,748.0
1,1601.0,19.0,961.0
1,919.0,26.0,559.0
1,2201.0,23.0,1321.0
1,1335.0,30.0,815.0
1,1821.0,30.0,1101.0
1,709.0,64.0,429.0
1,1431.0,29.0,871.0
1,1837.0,31.0,1117.0
1,1454.0,22.0,894.0
1,1204.0,24.0,724.0
1,719.0,13.0,439.0
1,1815.0,37.0,1095.0
1,2017.0,56.0,1217.0
1,951.0,30.0,591.0
1,1848.0,39.0,1128.0
1,2212.0,36.0,1332.0
1,1411.0,25.0,851.0
1,1951.0,33.0,1191.0
1,1810.0,26.0,1090.0
1,1126.0,22.0,686.0
1,1754.0,33.0,1074.0
1,733.0,25.0,453.0
1,733.0,47.0,453.0
1,954.0,22.0,594.0
1,1848.0,24.0,1128.0
1,1813.0,41.0,1093.0
1,757.0,37.0,477.0
1,1148.0,24.0,708.0
1,1408.0,19.0,848.0
1,1902.0,62.0,1142.0
1,1335.0,25.0,815.0
1,920.0,43.0,560.0
1,1430.0,35.0,870.0
1,1614.0,31.0,974.0
1,1959.0,29.0,1199.0
1,1603.0,28.0,963.0
1,1123.0,23.0,683.0
1,1416.0,27.0,856.0
1,930.0,32.0,570.0
1,2004.0,34.0,1204.0
1,746.0,24.0,466.0
1,1337.0,29.0,817.0
1,740.0,23.0,460.0
1,1616.0,21.0,976.0
1,1132.0,24.0,692.0
1,1823.0,30.0,1103.0
1,1402.0,18.0,842.0
1,1311.0,17.0,791.0
1,1136.0,24.0,696.0
1,1948.0,31.0,1188.0
1,917.0,23.0,557.0
1,1740.0,30.0,1060.0
1,1251.0,21.0,771.0
1,1547.0,16.0,947.0
1,548.0,52.0,348.0
1,2118.0,26.0,1278.0
1,1021.0,35.0,621.0
1,1555.0,16.0,955.0
1,857.0,27.0,537.0
1,958.0,32.0,598.0
1,1035.0,27.0,635.0
1,1839.0,32.0,1119.0
1,1605.0,31.0,965.0
1,703.0,33.0,423.0
1,1325.0,30.0,805.0
1,2015.0,25.0,1215.0
1,1259.0,44.0,779.0
1,1705.0,19.0,1025.0
1,1.0,15.0,1.0
1,918.0,25.0,558.0
1,1105.0,25.0,665.0
1,1417.0,21.0,857.0
1,2142.0,21.0,1302.0
1,2126.0,24.0,1286.0
1,933.0,46.0,573.0
1,1811.0,42.0,1091.0
1,2037.0,45.0,1237.0
1,1303.0,33.0,783.0
1,2027.0,29.0,1227.0
1,555.0,28.0,355.0
1,1441.0,23.0,881.0
1,1420.0,31.0,860.0
1,1619.0,23.0,979.0
1,739.0,30.0,459.0
1,1042.0,25.0,642.0
1,711.0,24.0,431.0
1,1250.0,14.0,770.0
1,1110.0,26.0,670.0
1,551.0,30.0,351.0
1,1819.0,22.0,1099.0
1,2018.0,30.0,1218.0
1,1630.0,19.0,990.0
1,1246.0,18.0,766.0
1,951.0,23.0,591.0
1,1301.0,29.0,781.0
1,857.0,23.0,537.0
1,1346.0,23.0,826.0
1,1128.0,30.0,688.0
1,2047.0,43.0,1247.0
1,1157.0,50.0,717.0
1,1545.0,18.0,945.0
1,2030.0,23.0,1230.0
1,1045.0,37.0,645.0
1,1546.0,26.0,946.0
1,1515.0,28.0,915.0
1,1140.0,25.0,700.0
1,1005.0,41.0,605.0
1,1950.0,25.0,1190.0
1,2109.0,22.0,1269.0
1,925.0,19.0,565.0
1,1954.0,32.0,1194.0
1,1309.0,28.0,789.0
1,1809.0,24.0,1089.0
1,715.0,52.0,435.0
1,952.0,29.0,592.0
1,1057.0,25.0,657.0
1,1057.0,34.0,657.0
1,2202.0,19.0,1322.0
1,1019.0,32.0,619.0
7,2137.0,20.0,1297.0
7,722.0,21.0,442.0
7,1620.0,40.0,980.0
7,1040.0,24.0,640.0
7,1259.0,23.0,779.0
7,1852.0,39.0,1132.0
7,2150.0,22.0,1310.0
7,1241.0,20.0,761.0
7,1637.0,19.0,997.0
7,1110.0,23.0,670.0
7,1603.0,24.0,963.0
7,1034.0,25.0,634.0
7,1422.0,22.0,862.0
7,2106.0,25.0,1266.0
7,1436.0,20.0,876.0
7,1606.0,29.0,966.0
7,1303.0,21.0,783.0
7,2104.0,31.0,1264.0
7,2026.0,26.0,1226.0
7,1046.0,22.0,646.0
7,1817.0,23.0,1097.0
7,2027.0,24.0,1227.0
7,1808.0,23.0,1088.0
7,1408.0,19.0,848.0
7,848.0,28.0,528.0
7,1053.0,36.0,653.0
7,1058.0,17.0,658.0
7,853.0,26.0,533.0
7,1254.0,25.0,774.0
7,1620.0,36.0,980.0
7,1459.0,16.0,899.0
7,705.0,27.0,425.0
7,855.0,21.0,535.0
7,2052.0,30.0,1252.0
7,936.0,30.0,576.0
7,1428.0,24.0,868.0
7,1249.0,29.0,769.0
7,855.0,34.0,535.0
7,716.0,22.0,436.0
7,1205.0,15.0,725.0
7,1109.0,31.0,669.0
7,1800.0,24.0,1080.0
7,2115.0,23.0,1275.0
7,913.0,23.0,553.0
7,2018.0,27.0,1218.0
7,1041.0,19.0,641.0
7,1559.0,18.0,959.0
7,1057.0,24.0,657.0
7,1257.0,23.0,777.0
7,1815.0,86.0,1095.0
7,910.0,24.0,550.0
7,1113.0,23.0,673.0
7,1914.0,25.0,1154.0
7,1919.0,37.0,1159.0
7,932.0,27.0,572.0
7,1602.0,21.0,962.0
7,1134.0,14.0,694.0
7,1527.0,35.0,927.0
7,1816.0,51.0,1096.0
7,903.0,30.0,543.0
7,1420.0,21.0,860.0
7,1109.0,27.0,669.0
7,1551.0,20.0,951.0
7,707.0,23.0,427.0
7,935.0,21.0,575.0
7,1643.0,19.0,1003.0
7,753.0,25.0,473.0
7,1047.0,21.0,647.0
7,1659.0,24.0,1019.0
7,915.0,31.0,555.0
7,1054.0,29.0,654.0
7,1833.0,39.0,1113.0
7,1633.0,28.0,993.0
7,850.0,22.0,530.0
7,910.0,25.0,550.0
7,1829.0,34.0,1109.0
7,1819.0,25.0,1099.0
7,920.0,17.0,560.0
7,1812.0,21.0,1092.0
7,1554.0,15.0,954.0
7,926.0,57.0,566.0
7,2050.0,23.0,1250.0
7,1610.0,24.0,970.0
7,1211.0,35.0,731.0
7,1708.0,23.0,1028.0
7,2041.0,38.0,1241.0
7,1034.0,18.0,634.0
7,1238.0,17.0,758.0
7,1808.0,33.0,1088.0
7,1030.0,17.0,630.0
7,2012.0,50.0,1212.0
7,1057.0,26.0,657.0
7,1318.0,20.0,798.0
7,2157.0,21.0,1317.0
7,654.0,38.0,414.0
7,1304.0,21.0,784.0
7,644.0,31.0,404.0
7,1039.0,22.0,639.0
4,2057.0,20.0,1257.0
4,1617.0,29.0,977.0
4,1152.0,21.0,712.0
4,1617.0,28.0,977.0
4,2048.0,67.0,1248.0
4,1035.0,27.0,635.0
4,1313.0,23.0,793.0
4,1814.0,70.0,1094.0
4,1033.0,23.0,633.0
4,2014.0,71.0,1214.0
4,1042.0,26.0,642.0
4,1259.0,29.0,779.0
4,1950.0,50.0,1190.0
4,650.0,20.0,410.0
4,1308.0,22.0,788.0
4,642.0,20.0,402.0
4,1042.0,33.0,642.0
4,843.0,33.0,523.0
4,834.0,20.0,514.0
4,1839.0,68.0,1119.0
4,1827.0,108.0,1107.0
4,920.0,41.0,560.0
4,702.0,20.0,422.0
4,1035.0,30.0,635.0
4,1902.0,107.0,1142.0
4,1044.0,27.0,644.0
4,2138.0,48.0,1298.0
4,1346.0,17.0,826.0
4,1102.0,24.0,662.0
4,1609.0,23.0,969.0
4,2042.0,63.0,1242.0
4,1824.0,26.0,1104.0
4,558.0,16.0,358.0
4,1440.0,18.0,880.0
4,1955.0,52.0,1195.0
4,1140.0,14.0,700.0
4,1426.0,16.0,866.0
4,904.0,27.0,544.0
4,2002.0,78.0,1202.0
4,1323.0,16.0,803.0
4,1842.0,126.0,1122.0
4,552.0,18.0,352.0
4,1425.0,27.0,865.0
4,1830.0,116.0,1110.0
4,1439.0,16.0,879.0
4,1052.0,30.0,652.0
4,704.0,24.0,424.0
4,1826.0,79.0,1106.0
4,2002.0,36.0,1202.0
4,854.0,32.0,534.0
4,1835.0,62.0,1115.0
4,2148.0,40.0,1308.0
4,1402.0,37.0,842.0
4,1954.0,34.0,1194.0
4,2133.0,42.0,1293.0
4,1031.0,22.0,631.0
4,1755.0,26.0,1075.0
4,653.0,19.0,413.0
4,727.0,29.0,447.0
4,909.0,38.0,549.0
4,1820.0,129.0,1100.0
4,1811.0,65.0,1091.0
4,748.0,17.0,468.0
4,1100.0,23.0,660.0
4,1410.0,20.0,850.0
4,1803.0,70.0,1083.0
4,1259.0,19.0,779.0
4,847.0,25.0,527.0
4,1427.0,22.0,867.0
4,1606.0,19.0,966.0
4,2016.0,53.0,1216.0
4,1845.0,46.0,1125.0
4,1100.0,29.0,660.0
4,1358.0,23.0,838.0
4,900.0,33.0,540.0
4,2108.0,45.0,1268.0
4,700.0,17.0,420.0
4,1334.0,26.0,814.0
4,732.0,45.0,452.0
4,1610.0,33.0,970.0
4,1058.0,23.0,658.0
4,1820.0,133.0,1100.0
4,1412.0,24.0,852.0
4,1257.0,19.0,777.0
4,1044.0,24.0,644.0
4,1834.0,124.0,1114.0
4,846.0,25.0,526.0
4,1249.0,27.0,769.0
4,1245.0,22.0,765.0
4,1407.0,16.0,847.0
4,549.0,16.0,349.0
4,2052.0,35.0,1252.0
4,907.0,23.0,547.0
4,1541.0,26.0,941.0
4,840.0,22.0,520.0
4,851.0,35.0,531.0
4,912.0,36.0,552.0
4,1828.0,51.0,1108.0
4,1532.0,18.0,932.0
4,844.0,31.0,524.0
4,1259.0,29.0,779.0
4,2019.0,22.0,1219.0
4,1230.0,14.0,750.0
4,1657.0,23.0,1017.0
4,837.0,25.0,517.0
4,1038.0,40.0,638.0
4,1420.0,27.0,860.0
4,2131.0,67.0,1291.0
4,2127.0,40.0,1287.0
4,858.0,29.0,538.0
4,1838.0,79.0,1118.0
4,2017.0,24.0,1217.0
4,1236.0,12.0,756.0
4,2110.0,47.0,1270.0
4,1434.0,27.0,874.0
4,1405.0,20.0,845.0
4,1634.0,24.0,994.0
4,724.0,21.0,444.0
4,1032.0,29.0,632.0
4,742.0,37.0,462.0
4,1242.0,15.0,762.0
4,1058.0,37.0,658.0
4,533.0,20.0,333.0
4,1828.0,58.0,1108.0
4,2141.0,37.0,1301.0
4,1618.0,37.0,978.0
4,1239.0,17.0,759.0
4,858.0,36.0,538.0
4,1253.0,21.0,773.0
4,846.0,35.0,526.0
4,1248.0,27.0,768.0
4,1050.0,27.0,650.0
4,2019.0,44.0,1219.0
4,1141.0,14.0,701.0
4,1631.0,23.0,991.0
4,2018.0,30.0,1218.0
4,1041.0,26.0,641.0
4,1439.0,17.0,879.0
4,1430.0,21.0,870.0
4,1104.0,25.0,664.0
4,923.0,42.0,563.0
4,1940.0,24.0,1180.0
4,2011.0,33.0,1211.0
4,848.0,42.0,528.0
4,2309.0,41.0,1389.0
4,1306.0,22.0,786.0
4,1858.0,52.0,1138.0
4,744.0,16.0,464.0
4,909.0,32.0,549.0
4,929.0,34.0,569.0
4,1032.0,21.0,632.0
4,2110.0,45.0,1270.0
4,925.0,31.0,565.0
3,1801.0,21.0,1081.0
3,722.0,18.0,442.0
3,1614.0,21.0,974.0
3,1049.0,34.0,649.0
3,1257.0,36.0,777.0
3,1811.0,31.0,1091.0
3,1243.0,21.0,763.0
3,1620.0,18.0,980.0
3,1050.0,43.0,650.0
3,1629.0,27.0,989.0
3,1032.0,24.0,632.0
3,1403.0,22.0,843.0
3,2023.0,22.0,1223.0
3,1408.0,18.0,848.0
3,1602.0,24.0,962.0
3,1253.0,33.0,773.0
3,2007.0,34.0,1207.0
3,1810.0,22.0,1090.0
3,1132.0,20.0,692.0
3,1802.0,23.0,1082.0
3,2030.0,16.0,1230.0
3,1400.0,20.0,840.0
3,1956.0,21.0,1196.0
3,850.0,38.0,530.0
3,1049.0,22.0,649.0
3,902.0,53.0,542.0
3,1252.0,19.0,772.0
3,1433.0,15.0,873.0
3,1637.0,34.0,997.0
3,1421.0,18.0,861.0
3,850.0,24.0,530.0
3,854.0,44.0,534.0
3,1411.0,25.0,851.0
3,1530.0,16.0,930.0
3,1255.0,27.0,775.0
3,847.0,38.0,527.0
3,713.0,18.0,433.0
3,1155.0,24.0,715.0
3,1109.0,37.0,669.0
3,1951.0,30.0,1191.0
3,2004.0,24.0,1204.0
3,711.0,32.0,431.0
3,859.0,47.0,539.0
3,1956.0,26.0,1196.0
3,1015.0,20.0,615.0
3,1555.0,25.0,955.0
3,1054.0,23.0,654.0
3,1300.0,32.0,780.0
3,1810.0,58.0,1090.0
3,907.0,43.0,547.0
3,1115.0,47.0,675.0
3,1758.0,22.0,1078.0
3,1830.0,30.0,1110.0
3,921.0,24.0,561.0
3,1606.0,29.0,966.0
3,1716.0,26.0,1036.0
3,1039.0,27.0,639.0
3,1425.0,21.0,865.0
3,1835.0,40.0,1115.0
3,858.0,50.0,538.0
3,1408.0,22.0,848.0
3,1205.0,20.0,725.0
3,1535.0,64.0,935.0
3,848.0,49.0,528.0
3,1551.0,28.0,951.0
3,752.0,21.0,472.0
3,1044.0,21.0,644.0
3,721.0,23.0,441.0
3,1820.0,34.0,1100.0
3,917.0,52.0,557.0
3,1803.0,27.0,1083.0
3,1615.0,19.0,975.0
3,854.0,34.0,534.0
3,903.0,50.0,543.0
3,1802.0,34.0,1082.0
3,1810.0,51.0,1090.0
3,849.0,24.0,529.0
3,1825.0,27.0,1105.0
3,1715.0,18.0,1035.0
3,1827.0,28.0,1107.0
3,919.0,45.0,559.0
3,2013.0,24.0,1213.0
3,1703.0,18.0,1023.0
3,1620.0,20.0,980.0
3,1027.0,41.0,627.0
3,1239.0,15.0,759.0
3,1821.0,23.0,1101.0
3,1032.0,16.0,632.0
3,1952.0,42.0,1192.0
3,1039.0,23.0,639.0
3,1304.0,26.0,784.0
3,1956.0,19.0,1196.0
3,651.0,23.0,411.0
3,638.0,19.0,398.0
3,1040.0,22.0,640.0
3,843.0,37.0,523.0
3,1818.0,30.0,1098.0
3,1810.0,37.0,1090.0
3,915.0,40.0,555.0
3,707.0,39.0,427.0
3,1028.0,19.0,628.0
3,1806.0,19.0,1086.0
3,1048.0,27.0,648.0
3,1346.0,15.0,826.0
3,1104.0,27.0,664.0
3,2012.0,24.0,1212.0
3,1807.0,19.0,1087.0
3,559.0,19.0,359.0
3,1344.0,18.0,824.0
3,1935.0,22.0,1175.0
3,1102.0,38.0,662.0
3,1425.0,17.0,865.0
3,848.0,24.0,528.0
3,1955.0,30.0,1195.0
3,1317.0,29.0,797.0
3,1807.0,45.0,1087.0
3,549.0,20.0,349.0
3,1423.0,17.0,863.0
3,1807.0,39.0,1087.0
3,1438.0,21.0,878.0
3,1049.0,41.0,649.0
3,706.0,27.0,426.0
3,1804.0,49.0,1084.0
3,1934.0,18.0,1174.0
3,1955.0,24.0,1195.0
3,850.0,32.0,530.0
3,1805.0,21.0,1085.0
3,1356.0,32.0,836.0
3,1754.0,21.0,1074.0
3,1027.0,18.0,627.0
3,659.0,20.0,419.0
3,725.0,19.0,445.0
3,909.0,31.0,549.0
3,1807.0,32.0,1087.0
3,1805.0,41.0,1085.0
3,750.0,26.0,470.0
3,1144.0,24.0,704.0
3,1402.0,17.0,842.0
3,1756.0,27.0,1076.0
3,1300.0,23.0,780.0
3,835.0,27.0,515.0
3,1423.0,23.0,863.0
3,1605.0,22.0,965.0
3,1944.0,32.0,1184.0
3,1625.0,29.0,985.0
3,1057.0,30.0,657.0
3,1354.0,15.0,834.0
3,853.0,39.0,533.0
3,1531.0,17.0,931.0
3,658.0,28.0,418.0
3,1334.0,23.0,814.0
3,1613.0,23.0,973.0
3,1053.0,25.0,653.0
3,1808.0,22.0,1088.0
3,1354.0,18.0,834.0
3,1259.0,30.0,779.0
3,1108.0,34.0,668.0
3,1812.0,28.0,1092.0
3,843.0,49.0,523.0
3,1249.0,25.0,769.0
3,1643.0,23.0,1003.0
3,554.0,18.0,354.0
3,2012.0,23.0,1212.0
3,1600.0,18.0,960.0
3,901.0,34.0,541.0
3,1543.0,28.0,943.0
3,837.0,36.0,517.0
3,856.0,48.0,536.0
3,912.0,26.0,552.0
3,1814.0,31.0,1094.0
3,1536.0,16.0,936.0
3,654.0,27.0,414.0
3,1301.0,34.0,781.0
3,2003.0,41.0,1203.0
3,1227.0,16.0,747.0
3,1658.0,17.0,1018.0
3,2102.0,20.0,1262.0
3,838.0,32.0,518.0
3,1029.0,25.0,629.0
3,1415.0,19.0,855.0
3,1523.0,18.0,923.0
3,856.0,45.0,536.0
3,1806.0,22.0,1086.0
3,1959.0,30.0,1199.0
3,1537.0,23.0,937.0
3,1953.0,24.0,1193.0
3,1431.0,19.0,871.0
3,1352.0,40.0,832.0
3,1610.0,23.0,970.0
3,728.0,20.0,448.0
3,1028.0,28.0,628.0
3,701.0,27.0,421.0
3,1239.0,17.0,759.0
3,1100.0,38.0,660.0
3,537.0,18.0,337.0
3,1814.0,37.0,1094.0
3,2015.0,25.0,1215.0
3,1650.0,28.0,1010.0
3,856.0,30.0,536.0
3,1253.0,27.0,773.0
3,843.0,40.0,523.0
3,1257.0,31.0,777.0
3,1039.0,27.0,639.0
3,1100.0,49.0,660.0
3,1541.0,19.0,941.0
3,1548.0,28.0,948.0
3,1038.0,21.0,638.0
3,1436.0,20.0,876.0
3,1531.0,19.0,931.0
3,1429.0,19.0,869.0
3,918.0,35.0,558.0
3,1955.0,29.0,1195.0
3,2044.0,21.0,1244.0
3,850.0,41.0,530.0
3,1813.0,29.0,1093.0
3,1250.0,22.0,770.0
3,1822.0,22.0,1102.0
3,905.0,46.0,545.0
3,923.0,39.0,563.0
3,1026.0,52.0,626.0
3,2017.0,26.0,1217.0
2,1947.0,29.0,1187.0
2,725.0,21.0,445.0
2,1613.0,29.0,973.0
2,1052.0,22.0,652.0
2,1301.0,50.0,781.0
2,1813.0,35.0,1093.0
2,1249.0,21.0,769.0
2,1617.0,20.0,977.0
2,1052.0,31.0,652.0
2,1556.0,25.0,956.0
2,1035.0,18.0,635.0
2,1411.0,31.0,851.0
2,2013.0,18.0,1213.0
2,1354.0,36.0,834.0
2,1738.0,20.0,1058.0
2,1241.0,25.0,761.0
2,2009.0,19.0,1209.0
2,1806.0,34.0,1086.0
2,1041.0,27.0,641.0
2,1800.0,25.0,1080.0
2,1907.0,21.0,1147.0
2,1410.0,30.0,850.0
2,1948.0,27.0,1188.0
2,909.0,30.0,549.0
2,1050.0,16.0,650.0
2,909.0,28.0,549.0
2,1323.0,30.0,803.0
2,1431.0,30.0,871.0
2,1646.0,29.0,1006.0
2,1422.0,20.0,862.0
2,854.0,28.0,534.0
2,854.0,30.0,534.0
2,1410.0,22.0,850.0
2,1558.0,24.0,958.0
2,1253.0,23.0,773.0
2,906.0,28.0,546.0
2,714.0,22.0,434.0
2,1203.0,17.0,723.0
2,1226.0,30.0,746.0
2,1829.0,56.0,1109.0
2,1958.0,26.0,1198.0
2,718.0,30.0,438.0
2,855.0,25.0,535.0
2,1957.0,21.0,1197.0
2,1151.0,20.0,711.0
2,1553.0,31.0,953.0
2,1057.0,33.0,657.0
2,1251.0,34.0,771.0
2,1819.0,58.0,1099.0
2,907.0,27.0,547.0
2,1112.0,22.0,672.0
2,1807.0,50.0,1087.0
2,1828.0,38.0,1108.0
2,1609.0,24.0,969.0
2,1712.0,38.0,1032.0
2,1039.0,22.0,639.0
2,1436.0,23.0,876.0
2,1815.0,31.0,1095.0
2,857.0,35.0,537.0
2,1413.0,25.0,853.0
2,1103.0,28.0,663.0
2,1545.0,28.0,945.0
2,851.0,36.0,531.0
2,1559.0,16.0,959.0
2,810.0,22.0,490.0
2,1044.0,28.0,644.0
2,724.0,30.0,444.0
2,1708.0,23.0,1028.0
2,913.0,25.0,553.0
2,1055.0,34.0,655.0
2,1754.0,26.0,1074.0
2,852.0,44.0,532.0
2,921.0,27.0,561.0
2,1821.0,54.0,1101.0
2,710.0,23.0,430.0
2,1759.0,28.0,1079.0
2,852.0,21.0,532.0
2,1843.0,42.0,1123.0
2,1707.0,34.0,1027.0
2,1752.0,18.0,1072.0
2,925.0,19.0,565.0
2,2013.0,11.0,1213.0
2,1556.0,31.0,956.0
2,1619.0,23.0,979.0
2,1039.0,24.0,639.0
2,1241.0,28.0,761.0
2,1803.0,26.0,1083.0
2,1034.0,17.0,634.0
2,1959.0,28.0,1199.0
2,1052.0,33.0,652.0
2,1301.0,38.0,781.0
2,1957.0,17.0,1197.0
2,657.0,19.0,417.0
2,642.0,22.0,402.0
2,1043.0,30.0,643.0
2,843.0,20.0,523.0
2,1926.0,21.0,1166.0
2,1841.0,38.0,1121.0
2,1145.0,22.0,705.0
2,708.0,24.0,428.0
2,1026.0,25.0,626.0
2,1800.0,24.0,1080.0
2,1051.0,29.0,651.0
2,1507.0,24.0,907.0
2,1119.0,18.0,679.0
2,2016.0,20.0,1216.0
2,1836.0,52.0,1116.0
2,603.0,19.0,363.0
2,1349.0,39.0,829.0
2,1941.0,30.0,1181.0
2,1111.0,21.0,671.0
2,1422.0,19.0,862.0
2,859.0,40.0,539.0
2,1957.0,23.0,1197.0
2,1322.0,37.0,802.0
2,1817.0,49.0,1097.0
2,547.0,14.0,347.0
2,1425.0,32.0,865.0
2,1802.0,51.0,1082.0
2,1445.0,26.0,885.0
2,1042.0,27.0,642.0
2,713.0,23.0,433.0
2,1808.0,32.0,1088.0
2,1959.0,26.0,1199.0
2,850.0,31.0,530.0
2,1810.0,44.0,1090.0
2,1401.0,26.0,841.0
2,1804.0,55.0,1084.0
2,1329.0,23.0,809.0
2,658.0,23.0,418.0
2,722.0,20.0,442.0
2,949.0,35.0,589.0
2,1808.0,40.0,1088.0
2,1809.0,43.0,1089.0
2,749.0,17.0,469.0
2,1059.0,25.0,659.0
2,1411.0,21.0,851.0
2,1820.0,57.0,1100.0
2,1300.0,50.0,780.0
2,843.0,29.0,523.0
2,1445.0,27.0,885.0
2,1605.0,18.0,965.0
2,1955.0,21.0,1195.0
2,1600.0,20.0,960.0
2,1055.0,32.0,655.0
2,1349.0,38.0,829.0
2,958.0,23.0,598.0
2,1533.0,21.0,933.0
2,707.0,25.0,427.0
2,1331.0,33.0,811.0
2,1614.0,25.0,974.0
2,1049.0,28.0,649.0
2,1808.0,38.0,1088.0
2,1352.0,31.0,832.0
2,1256.0,38.0,776.0
2,1042.0,33.0,642.0
2,1826.0,42.0,1106.0
2,844.0,27.0,524.0
2,1249.0,29.0,769.0
2,1718.0,28.0,1038.0
2,1359.0,26.0,839.0
2,603.0,19.0,363.0
2,2007.0,30.0,1207.0
2,1605.0,27.0,965.0
2,902.0,34.0,542.0
2,1544.0,23.0,944.0
2,845.0,40.0,525.0
2,900.0,28.0,540.0
2,912.0,46.0,552.0
2,1816.0,27.0,1096.0
2,1535.0,18.0,935.0
2,706.0,27.0,426.0
2,1303.0,53.0,783.0
2,2000.0,21.0,1200.0
2,1229.0,23.0,749.0
2,1658.0,47.0,1018.0
2,842.0,22.0,522.0
2,1033.0,38.0,633.0
2,1415.0,30.0,855.0
2,1529.0,22.0,929.0
2,904.0,37.0,544.0
2,1742.0,22.0,1062.0
2,1808.0,42.0,1088.0
2,2006.0,16.0,1206.0
2,1242.0,18.0,762.0
2,1957.0,24.0,1197.0
2,1431.0,28.0,871.0
2,1354.0,24.0,834.0
2,1606.0,22.0,966.0
2,725.0,25.0,445.0
2,1026.0,16.0,626.0
2,707.0,25.0,427.0
2,1241.0,21.0,761.0
2,1057.0,32.0,657.0
2,533.0,18.0,333.0
2,1948.0,20.0,1188.0
2,2031.0,22.0,1231.0
2,1614.0,29.0,974.0
2,559.0,16.0,359.0
2,1241.0,26.0,761.0
2,902.0,18.0,542.0
2,1258.0,55.0,778.0
2,848.0,26.0,528.0
2,1254.0,37.0,774.0
2,1038.0,24.0,638.0
2,1030.0,19.0,630.0
2,1537.0,25.0,937.0
2,1542.0,22.0,942.0
2,1044.0,26.0,644.0
2,1440.0,29.0,880.0
2,1535.0,31.0,935.0
2,1425.0,36.0,865.0
2,918.0,36.0,558.0
2,1940.0,28.0,1180.0
2,2012.0,23.0,1212.0
2,850.0,33.0,530.0
2,1816.0,34.0,1096.0
2,1332.0,34.0,812.0
2,1809.0,24.0,1089.0
2,705.0,26.0,425.0
2,948.0,21.0,588.0
2,924.0,22.0,564.0
2,1033.0,32.0,633.0
2,2015.0,24.0,1215.0
1,1752.0,37.0,1072.0
1,2113.0,19.0,1273.0
1,2120.0,18.0,1280.0
1,1300.0,29.0,780.0
1,1823.0,30.0,1103.0
1,2128.0,24.0,1288.0
1,1000.0,21.0,600.0
1,1244.0,18.0,764.0
1,1035.0,23.0,635.0
1,1749.0,39.0,1069.0
1,1412.0,32.0,852.0
1,708.0,18.0,428.0
1,1033.0,27.0,633.0
1,1708.0,13.0,1028.0
1,551.0,24.0,351.0
1,2123.0,26.0,1283.0
1,853.0,35.0,533.0
1,2018.0,40.0,1218.0
1,711.0,30.0,431.0
1,1706.0,14.0,1026.0
1,1526.0,18.0,926.0
1,1750.0,17.0,1070.0
1,1206.0,21.0,726.0
1,1051.0,19.0,651.0
1,2132.0,21.0,1292.0
1,757.0,20.0,477.0
1,1802.0,14.0,1082.0
1,1734.0,34.0,1054.0
1,1804.0,26.0,1084.0
1,1409.0,23.0,849.0
1,2007.0,24.0,1207.0
1,1341.0,20.0,821.0
1,1600.0,15.0,960.0
1,2022.0,21.0,1222.0
1,1038.0,17.0,638.0
1,2158.0,17.0,1318.0
1,1417.0,29.0,857.0
1,1957.0,38.0,1197.0
1,708.0,20.0,428.0
1,1813.0,27.0,1093.0
1,957.0,26.0,597.0
1,1400.0,25.0,840.0
1,859.0,33.0,539.0
1,1453.0,13.0,893.0
1,1432.0,21.0,872.0
1,933.0,39.0,573.0
1,1952.0,18.0,1192.0
1,2210.0,14.0,1330.0
1,547.0,45.0,347.0
1,1421.0,23.0,861.0
1,1416.0,26.0,856.0
1,1050.0,33.0,650.0
1,2205.0,18.0,1325.0
1,2000.0,21.0,1200.0
1,1818.0,23.0,1098.0
1,550.0,43.0,350.0
1,1054.0,20.0,654.0
1,1254.0,20.0,774.0
1,1604.0,21.0,964.0
1,2105.0,36.0,1265.0
1,934.0,28.0,574.0
1,1036.0,23.0,636.0
1,1827.0,25.0,1107.0
1,901.0,35.0,541.0
1,737.0,28.0,457.0
1,913.0,40.0,553.0
1,2119.0,28.0,1279.0
1,715.0,31.0,435.0
1,955.0,34.0,595.0
1,1632.0,22.0,992.0
1,755.0,21.0,475.0
1,855.0,38.0,535.0
1,1554.0,34.0,954.0
1,1957.0,28.0,1197.0
1,1043.0,22.0,643.0
1,733.0,20.0,453.0
1,1619.0,23.0,979.0
1,1954.0,11.0,1194.0
1,1401.0,21.0,841.0
1,915.0,28.0,555.0
1,736.0,24.0,456.0
1,1058.0,31.0,658.0
1,1808.0,42.0,1088.0
1,1825.0,34.0,1105.0
1,1611.0,21.0,971.0
1,850.0,33.0,530.0
1,929.0,41.0,569.0
1,1809.0,22.0,1089.0
1,1823.0,29.0,1103.0
1,706.0,18.0,426.0
1,1843.0,22.0,1123.0
1,1604.0,20.0,964.0
1,1551.0,13.0,951.0
1,926.0,36.0,566.0
1,2019.0,40.0,1219.0
1,1600.0,22.0,960.0
1,1945.0,19.0,1185.0
1,1556.0,15.0,956.0
1,1028.0,21.0,628.0
1,1944.0,23.0,1184.0
1,1123.0,18.0,683.0
1,1952.0,31.0,1192.0
1,1102.0,25.0,662.0
1,2025.0,26.0,1225.0
1,656.0,20.0,416.0
1,1313.0,28.0,793.0
1,610.0,33.0,370.0
1,1054.0,26.0,654.0
1,852.0,20.0,532.0
1,858.0,24.0,538.0
1,1818.0,21.0,1098.0
1,1050.0,27.0,650.0
1,1742.0,23.0,1062.0
1,1400.0,21.0,840.0
1,1605.0,27.0,965.0
1,1821.0,34.0,1101.0
1,708.0,23.0,428.0
1,1031.0,20.0,631.0
1,1749.0,23.0,1069.0
1,847.0,19.0,527.0
1,1358.0,16.0,838.0
1,2022.0,28.0,1222.0
1,604.0,19.0,364.0
1,654.0,28.0,414.0
1,1940.0,21.0,1180.0
1,2136.0,62.0,1296.0
1,1954.0,15.0,1194.0
1,1047.0,25.0,647.0
1,614.0,18.0,374.0
1,1818.0,40.0,1098.0
1,1958.0,23.0,1198.0
1,1807.0,40.0,1087.0
1,1933.0,17.0,1173.0
1,1611.0,15.0,971.0
1,1836.0,18.0,1116.0
1,1409.0,23.0,849.0
1,724.0,21.0,444.0
1,1441.0,21.0,881.0
1,708.0,33.0,428.0
1,857.0,35.0,537.0
1,1805.0,20.0,1085.0
1,657.0,22.0,417.0
1,1002.0,24.0,602.0
1,850.0,25.0,530.0
1,1808.0,18.0,1088.0
1,1244.0,27.0,764.0
1,1415.0,25.0,855.0
1,1805.0,29.0,1085.0
1,1304.0,23.0,784.0
1,1251.0,23.0,771.0
1,1043.0,21.0,643.0
1,1800.0,13.0,1080.0
1,707.0,18.0,427.0
1,2023.0,26.0,1223.0
1,1156.0,18.0,716.0
1,1101.0,39.0,661.0
1,717.0,27.0,437.0
1,859.0,34.0,539.0
1,1938.0,17.0,1178.0
1,911.0,32.0,551.0
1,1555.0,22.0,955.0
1,1256.0,20.0,776.0
1,1049.0,31.0,649.0
1,604.0,17.0,364.0
1,2007.0,39.0,1207.0
1,856.0,30.0,536.0
1,1416.0,24.0,856.0
1,1302.0,19.0,782.0
